RUELLE_ID,Uniq_S_ID,lat,long,Group_S_ID
RPP-H-1000019,1,-395731.59180027095,188198.98114295801,RPP-H-1000019_1
RPP-H-1000019,2,-395666.65756235935,188165.05233924466,RPP-H-1000019_2
RPP-H-1000019,3,-395610.8477807973,188136.35016587086,RPP-H-1000019_3
RPP-I-1000071,4,-395540.4211516841,187825.67571517813,RPP-I-1000071_1
RPP-I-1000071,5,-395532.97984747624,187840.73549749938,RPP-I-1000071_2
RPP-I-1000071,6,-395548.2168037121,187811.67897630646,RPP-I-1000071_3
RPP-H-1000009,7,-395960.84896552534,187558.7221710171,RPP-H-1000009_1
RPP-H-1000009,8,-395954.30350287433,187571.71392264726,RPP-H-1000009_2
RPP-H-1000009,9,-395968.0886439117,187545.53207203755,RPP-H-1000009_3
RPP-I-1000018,10,-396014.89861923305,187503.48243318475,RPP-I-1000018_1
RPP-I-1000018,11,-396021.7416029133,187491.48241832876,RPP-I-1000018_2
RPP-I-1000018,12,-396008.5515039355,187515.28410069342,RPP-I-1000018_3
RPP-H-1000008b,13,-396535.9075288687,187860.75560288935,RPP-H-1000008b_1
RPP-H-1000008b,14,-396528.76702415844,187874.6399176019,RPP-H-1000008b_2
RPP-H-1000008b,15,-396543.14720725577,187847.16880920378,RPP-H-1000008b_3
RPP-H-1000008a,16,-396743.5028272601,187987.02848652753,RPP-H-1000008a_1
RPP-H-1000008a,17,-396740.23009593453,187993.77229653118,RPP-H-1000008a_2
RPP-H-1000008a,18,-396747.4201874827,187980.18550284137,RPP-H-1000008a_3
RPP-H-1000007,19,-396864.3616272088,187620.70504978532,RPP-H-1000007_1
RPP-H-1000007,20,-396912.59383104445,187646.11308572875,RPP-H-1000007_2
RPP-H-1000007,21,-396810.9616872469,187591.20588940766,RPP-H-1000007_3
RPP-H-1000014a,22,-396658.2981492148,187346.81503513723,RPP-H-1000014a_1
RPP-H-1000014a,23,-396711.698089175,187375.23758383107,RPP-H-1000014a_2
RPP-H-1000014a,24,-396604.89820925373,187318.82313112877,RPP-H-1000014a_3
RPP-H-1000100,25,-396263.1816579716,187303.31992275643,RPP-H-1000100_1
RPP-H-1000100,26,-396305.6001586656,187325.49812362797,RPP-H-1000100_2
RPP-H-1000100,27,-396220.9784796149,187280.9263995464,RPP-H-1000100_3
RPP-H-1000107,28,-396060.993982071,187196.304720488,RPP-H-1000107_1
RPP-H-1000107,29,-396087.0479850355,187210.51599484024,RPP-H-1000107_2
RPP-H-1000107,30,-396033.863367413,187181.87812380935,RPP-H-1000107_3
RPP-H-1000030,31,-396062.5036945892,186845.22615041467,RPP-H-1000030_1
RPP-H-1000030,32,-396095.8811132132,186863.93217624197,RPP-H-1000030_2
RPP-H-1000030,33,-396027.01726325037,186826.4284283888,RPP-H-1000030_3
RPP-H-1000096,34,-396099.09048039006,186783.88138925657,RPP-H-1000096_1
RPP-H-1000096,35,-396134.48521552276,186803.32098473475,RPP-H-1000096_2
RPP-H-1000096,36,-396064.06253007526,186765.54214825755,RPP-H-1000096_3
RPP-H-1000097,37,-396177.94921669934,186664.49293032972,RPP-H-1000097_1
RPP-H-1000097,38,-396212.977167014,186682.6487789259,RPP-H-1000097_2
RPP-H-1000097,39,-396144.57179807517,186645.60351210102,RPP-H-1000097_3
RPP-H-1000095,40,-395959.43716015684,186544.27920555766,RPP-H-1000095_1
RPP-H-1000095,41,-395928.4438428638,186527.22371142433,RPP-H-1000095_2
RPP-H-1000095,42,-395988.96333817,186560.05095282668,RPP-H-1000095_3
RPP-H-1000111,43,-396005.83543989295,186392.61368246947,RPP-H-1000111_1
RPP-H-1000111,44,-396026.19199740596,186403.80061947706,RPP-H-1000111_2
RPP-H-1000111,45,-395986.39584443014,186382.16031509647,RPP-H-1000111_3
RPP-T-1000091,46,-395755.6881926211,186432.96001267308,RPP-T-1000091_1
RPP-T-1000091,47,-395718.0927485661,186412.4200627575,RPP-T-1000091_2
RPP-T-1000091,48,-395788.14864919527,186451.11586126717,RPP-T-1000091_3
RPP-F-1000029,49,-395794.01720631577,186372.2571249567,RPP-F-1000029_1
RPP-F-1000029,50,-395755.13801539136,186352.26735226298,RPP-F-1000029_2
RPP-F-1000029,51,-395821.70946022903,186387.4786949904,RPP-F-1000029_3
RPP-F-1000092,52,-395587.8863499596,186260.45855512327,RPP-F-1000092_1
RPP-F-1000092,53,-395527.757731236,186227.87272304407,RPP-F-1000092_2
RPP-F-1000092,54,-395644.13570295833,186291.49268091575,RPP-F-1000092_3
RPP-H-1000061,55,-395668.96300359204,186123.90840164045,RPP-H-1000061_1
RPP-H-1000061,56,-395614.2653568832,186095.20183527982,RPP-H-1000061_2
RPP-H-1000061,57,-395715.1262657083,186147.95984913173,RPP-H-1000061_3
RPP-H-1000064,58,-395878.8312792652,186235.24332791643,RPP-H-1000064_1
RPP-H-1000064,59,-395902.88272675435,186247.6569782371,RPP-H-1000064_2
RPP-H-1000064,60,-395855.94361149333,186224.38138389663,RPP-H-1000064_3
RPP-I-1000112,61,-394993.0009511708,186019.16822708817,RPP-I-1000112_1
RPP-I-1000112,62,-394911.92429753696,185975.3325244053,RPP-I-1000112_2
RPP-I-1000112,63,-395056.2329824728,186054.08161860277,RPP-I-1000112_3
RPP-I-1000020,64,-394742.0124588224,186039.34040885378,RPP-I-1000020_1
RPP-I-1000020,65,-394747.83135740826,186029.64224453754,RPP-I-1000020_2
RPP-I-1000020,66,-394735.80563366436,186049.03857315236,RPP-I-1000020_3
RPP-T-1000118,67,-394800.20144468354,185915.5918322515,RPP-T-1000118_1
RPP-T-1000118,68,-394815.7185075792,185922.96243713447,RPP-T-1000118_2
RPP-T-1000118,69,-394787.3998677937,185908.22122737486,RPP-T-1000118_3
RPP-T-1000062,70,-394816.30039743864,185839.94615062603,RPP-T-1000062_1
RPP-T-1000062,71,-394840.73977150075,185854.29943381308,RPP-T-1000062_2
RPP-T-1000062,72,-394798.84370168,185831.41176603737,RPP-T-1000062_3
RPP-H-1000058,73,-396175.59510715835,186131.6669330854,RPP-H-1000058_1
RPP-H-1000058,74,-396212.44813153794,186151.45118827277,RPP-H-1000058_2
RPP-H-1000058,75,-396135.6386702011,186111.88267788527,RPP-H-1000058_3
RPP-H-1000110,76,-396230.6806804411,186005.20287047795,RPP-H-1000110_1
RPP-H-1000110,77,-396272.9646768333,186026.9267585324,RPP-H-1000110_2
RPP-H-1000110,78,-396194.60350920627,185986.58239500475,RPP-H-1000110_3
RPP-T-1000116,79,-397083.2463049512,186393.71133275554,RPP-T-1000116_1
RPP-T-1000116,80,-397092.9444692617,186377.2244534279,RPP-T-1000116_2
RPP-T-1000116,81,-397074.90588364506,186410.9740652241,RPP-T-1000116_3
RPP-H-1000017,82,-397072.5783242103,186771.93974085522,RPP-H-1000017_1
RPP-H-1000017,83,-397019.82031036256,186744.0090276397,RPP-H-1000017_2
RPP-H-1000017,84,-397119.5174394708,186795.6032617739,RPP-H-1000017_3
RPP-H-1000106,85,-397512.4870573214,186707.54392983415,RPP-H-1000106_1
RPP-H-1000106,86,-397460.11697004695,186680.00114319334,RPP-H-1000106_2
RPP-H-1000106,87,-397562.14165858936,186732.75915704735,RPP-H-1000106_3
RPP-T-1000028,88,-397872.288953232,186210.99791714243,RPP-T-1000028_1
RPP-T-1000028,89,-397811.3844813641,186164.44672845016,RPP-T-1000028_2
RPP-T-1000028,90,-397930.09001252,186255.22154640072,RPP-T-1000028_3
RPP-T-1000049,91,-397762.50573324016,186238.54070378395,RPP-T-1000049_1
RPP-T-1000049,92,-397731.47160744725,186214.87718286595,RPP-T-1000049_2
RPP-T-1000049,93,-397795.47949189425,186263.36800442103,RPP-T-1000049_3
RPP-T-1000115,94,-397562.7235484493,186084.92178110755,RPP-T-1000115_1
RPP-T-1000115,95,-397495.2243248504,186033.7154735424,RPP-T-1000115_2
RPP-T-1000115,96,-397615.0936357244,186124.49029149365,RPP-T-1000115_3
RPP-L-1000037,97,-397291.7568376216,185763.71857915234,RPP-L-1000037_1
RPP-L-1000037,98,-397258.7830789673,185739.66713165614,RPP-L-1000037_2
RPP-L-1000037,99,-397314.644505394,185782.33905462487,RPP-L-1000037_3
RPP-T-1000108,100,-397070.2507647759,185818.02829928743,RPP-T-1000108_1
RPP-T-1000108,101,-397036.11322640465,185792.03721893404,RPP-T-1000108_2
RPP-T-1000108,102,-397101.67281714146,185842.46767335123,RPP-T-1000108_3
RPP-I-1000054,103,-396967.0622965156,185838.20048104736,RPP-I-1000054_1
RPP-I-1000054,104,-396974.8208279644,185828.50231673606,RPP-I-1000054_2
RPP-I-1000054,105,-396958.5279119227,185849.83827821937,RPP-I-1000054_3
RPP-H-1000014b,106,-396838.27067447646,185767.20991829693,RPP-H-1000014b_1
RPP-H-1000014b,107,-396859.9945625304,185777.2960091801,RPP-H-1000014b_2
RPP-H-1000014b,108,-396812.27959412476,185754.02041483537,RPP-H-1000014b_3
RPP-H-1000056,109,-396879.39089115174,185712.5122715893,RPP-H-1000056_1
RPP-H-1000056,110,-396909.26123722724,185728.02933447846,RPP-H-1000056_2
RPP-H-1000056,111,-396852.2360310831,185698.54691497624,RPP-H-1000056_3
RPP-H-1000068,112,-396910.4250169437,185653.54743257992,RPP-H-1000068_1
RPP-H-1000068,113,-396875.51162542775,185635.70281024472,RPP-H-1000068_2
RPP-H-1000068,114,-396943.3987755988,185669.84034862058,RPP-H-1000068_3
RPP-H-1000041,115,-396945.72633503395,185595.7463732861,RPP-H-1000041_1
RPP-H-1000041,116,-396912.3646498066,185579.06553067427,RPP-H-1000041_2
RPP-H-1000041,117,-396975.9846076813,185612.03928933525,RPP-H-1000041_3
RPP-H-1000027,118,-396987.23447828216,185541.8245797186,RPP-H-1000027_1
RPP-H-1000027,119,-396948.8297476123,185522.81617767707,RPP-H-1000027_2
RPP-H-1000027,120,-397020.59616350883,185559.28127548264,RPP-H-1000027_3
RPP-H-1000016,121,-396754.478534836,185497.21302389202,RPP-H-1000016_1
RPP-H-1000016,122,-396724.608188761,185482.85974071702,RPP-H-1000016_2
RPP-H-1000016,123,-396781.63339490455,185512.34216022136,RPP-H-1000016_3
RPP-H-1000088,124,-396724.9961153325,185558.50542234388,RPP-H-1000088_1
RPP-H-1000088,125,-396752.1509754016,185572.08285237305,RPP-H-1000088_2
RPP-H-1000088,126,-396699.39296155376,185545.31591887737,RPP-H-1000088_3
RPP-H-1000057,127,-396694.3499161128,185618.24611449274,RPP-H-1000057_1
RPP-H-1000057,128,-396663.3157903195,185602.34112502183,RPP-H-1000057_2
RPP-H-1000057,129,-396723.4444090425,185633.3752508228,RPP-H-1000057_3
RPP-H-1000015,130,-396661.7640840302,185677.59888006834,RPP-H-1000015_1
RPP-H-1000015,131,-396634.60922396136,185662.46974374607,RPP-H-1000015_2
RPP-H-1000015,132,-396693.57406296796,185693.11594296456,RPP-H-1000015_3
RPP-H-1000067,133,-396631.11788480944,185736.1757925094,RPP-H-1000067_1
RPP-H-1000067,134,-396604.73887788574,185722.5983624774,RPP-H-1000067_2
RPP-H-1000067,135,-396660.6003043135,185751.30492882317,RPP-H-1000067_3
RPP-H-1000066,136,-396599.69583244424,185796.3044112273,RPP-H-1000066_1
RPP-H-1000066,137,-396569.04963322345,185780.39942176416,RPP-H-1000066_2
RPP-H-1000066,138,-396629.1782519472,185811.04562098123,RPP-H-1000066_3
RPP-H-1000044a,139,-396738.9614719394,185941.77687588407,RPP-H-1000044a_1
RPP-H-1000044a,140,-396714.52209787717,185929.75115213808,RPP-H-1000044a_2
RPP-H-1000044a,141,-396762.2370662839,185953.4146730596,RPP-H-1000044a_3
RPP-H-1000109,142,-396328.5351583304,185807.55428183026,RPP-H-1000109_1
RPP-H-1000109,143,-396288.9666479449,185787.3821000682,RPP-H-1000109_2
RPP-H-1000109,144,-396366.55196242617,185827.338537024,RPP-H-1000109_3
RPP-T-1000117,145,-396359.9572106963,185748.20151624831,RPP-T-1000117_1
RPP-T-1000117,146,-396314.9577282958,185725.70177505582,RPP-T-1000117_2
RPP-T-1000117,147,-396400.6895007987,185769.92540430772,RPP-T-1000117_3
RPP-H-1000059,148,-396392.93096935103,185690.40045695732,RPP-H-1000059_1
RPP-H-1000059,149,-396352.5866058206,185669.45242204587,RPP-H-1000059_2
RPP-H-1000059,150,-396437.1545986056,185712.90019815761,RPP-H-1000059_3
RPP-H-1000043,151,-396425.1288748611,185631.0476913768,RPP-H-1000043_1
RPP-H-1000043,152,-396387.4999973371,185611.65136275772,RPP-H-1000043_2
RPP-H-1000043,153,-396462.36982581165,185650.83194657904,RPP-H-1000043_3
RPP-H-1000005,154,-396477.8868887079,185508.07496793024,RPP-H-1000005_1
RPP-H-1000005,155,-396434.43911259825,185485.18730015098,RPP-H-1000005_2
RPP-H-1000005,156,-396520.5588116734,185529.0230028353,RPP-H-1000005_3
RPP-H-1000065,157,-396517.84332566656,185452.21354149215,RPP-H-1000065_1
RPP-H-1000065,158,-396476.33518241905,185431.26550658426,RPP-H-1000065_2
RPP-H-1000065,159,-396555.0842766182,185471.6098701176,RPP-H-1000065_3
RPP-H-1000060,160,-396548.48952488706,185392.8607759187,RPP-H-1000060_1
RPP-H-1000060,161,-396509.69686764636,185373.07652071645,RPP-H-1000060_2
RPP-H-1000060,162,-396584.95462269365,185411.4812513919,RPP-H-1000060_3
RPP-H-1000045,163,-396274.6133647663,185327.68911175532,RPP-H-1000045_1
RPP-H-1000045,164,-396226.1225432153,185302.08595797594,RPP-H-1000045_2
RPP-H-1000045,165,-396315.3456548695,185348.24922008783,RPP-H-1000045_3
RPP-H-1000044b,166,-396304.96861905814,185274.15524475052,RPP-H-1000044b_1
RPP-H-1000044b,167,-396261.13291637565,185251.65550355447,RPP-H-1000044b_2
RPP-H-1000044b,168,-396341.0457902919,185292.77572022585,RPP-H-1000044b_3
RPP-T-1000046,169,-395981.0499310956,185403.91668323326,RPP-T-1000046_1
RPP-T-1000046,170,-396004.7134520126,185416.71826012013,RPP-T-1000046_2
RPP-T-1000046,171,-395959.713969613,185392.66681262958,RPP-T-1000046_3
RPP-T-1000063,172,-396013.63576317864,185344.95184422456,RPP-T-1000063_1
RPP-T-1000063,173,-395992.2998016958,185334.4778267646,RPP-T-1000063_2
RPP-T-1000063,174,-396031.480385509,185353.874155395,RPP-T-1000063_3
RPP-H-1000006,175,-396113.0419473575,185622.12538021273,RPP-H-1000006_1
RPP-H-1000006,176,-396162.696548626,185647.7285339957,RPP-H-1000006_2
RPP-H-1000006,177,-396061.8356397996,185595.74637329104,RPP-H-1000006_3
RPP-H-1000094,178,-396073.4734369713,185758.28760713927,RPP-H-1000094_1
RPP-H-1000094,179,-396034.6807797304,185738.50335194552,RPP-H-1000094_2
RPP-H-1000094,180,-396106.4471956269,185774.58052317356,RPP-H-1000094_3
RPP-H-1000093,181,-396042.8272377518,185831.99365589058,RPP-H-1000093_1
RPP-H-1000093,182,-396007.5259196628,185813.37318041592,RPP-H-1000093_2
RPP-H-1000093,183,-396075.4130698341,185849.06242507635,RPP-H-1000093_3
RPP-H-1000090,184,-396030.02566086163,185902.59629207407,RPP-H-1000090_1
RPP-H-1000090,185,-396004.0345805108,185889.40678861042,RPP-H-1000090_2
RPP-H-1000090,186,-396055.24088806834,185915.78579553706,RPP-H-1000090_3
RPP-H-1000013,187,-394925.79267249955,185449.88598206808,RPP-H-1000013_1
RPP-H-1000013,188,-394881.9569698179,185427.77416743257,RPP-H-1000013_2
RPP-H-1000013,189,-394967.6887423196,185471.60987012254,RPP-H-1000013_3
RPP-H-1000012a,190,-394862.9485677691,185332.73215719513,RPP-H-1000012a_1
RPP-H-1000012a,191,-394854.8021097485,185349.80092638233,RPP-H-1000012a_2
RPP-H-1000012a,192,-394870.7070992179,185314.49960829024,RPP-H-1000012a_3
RPP-H-1000012b,193,-395044.1102770843,185424.2828282816,RPP-H-1000012b_1
RPP-H-1000012b,194,-395035.9638190637,185438.6361114644,RPP-H-1000012b_2
RPP-H-1000012b,195,-395054.58429454005,185404.11064651317,RPP-H-1000012b_3
RPP-T-1000026,196,-396734.11238978605,185045.66649360512,RPP-T-1000026_1
RPP-T-1000026,197,-396691.05254024797,185014.63236781477,RPP-T-1000026_2
RPP-T-1000026,198,-396770.57748759305,185072.04550052117,RPP-T-1000026_3
RPP-H-1000070a,199,-397177.5124620492,185317.2150943003,RPP-H-1000070a_1
RPP-H-1000070a,200,-397171.69356346334,185324.5856991677,RPP-H-1000070a_2
RPP-H-1000070a,201,-397184.1072137808,185309.0686362729,RPP-H-1000070a_3
RPP-H-1000070b,202,-397249.7463805969,185283.03758495688,RPP-H-1000070b_1
RPP-H-1000070b,203,-397240.6312208222,185276.82270329367,RPP-H-1000070b_2
RPP-H-1000070b,204,-397231.5160610473,185269.3648452974,RPP-H-1000070b_3
RPP-H-1000025,205,-397298.545552641,185208.2077274484,RPP-H-1000025_1
RPP-H-1000025,206,-397290.76459958375,185203.07277420317,RPP-H-1000025_2
RPP-H-1000025,207,-397305.2659901351,185213.84523575334,RPP-H-1000025_3
RPP-I-1000098,208,-397433.5439998399,185311.39619570476,RPP-I-1000098_1
RPP-I-1000098,209,-397407.552919488,185292.38779365754,RPP-I-1000098_2
RPP-I-1000098,210,-397454.87996132177,185329.62874461248,RPP-I-1000098_3
RPP-L-1000099,211,-397637.2054503543,185468.11853097158,RPP-L-1000099_1
RPP-L-1000099,212,-397583.67158336245,185426.9983142846,RPP-L-1000099_2
RPP-L-1000099,213,-397683.36871247087,185504.1957021975,RPP-L-1000099_3
RPP-I-1000038,214,-397725.652708864,185309.45656284475,RPP-I-1000038_1
RPP-I-1000038,215,-397658.5414118372,185258.63818185852,RPP-I-1000038_2
RPP-I-1000038,216,-397781.90206186246,185352.90433895792,RPP-I-1000038_3
RPP-I-1000053,217,-397765.22121925035,185231.09539521206,RPP-I-1000053_1
RPP-I-1000053,218,-397823.7981316834,185276.4828041845,RPP-I-1000053_2
RPP-I-1000053,219,-397714.402838264,185193.07859111976,RPP-I-1000053_3
RPP-I-1000052,220,-397804.7897296359,185163.59617161826,RPP-I-1000052_1
RPP-I-1000052,221,-397746.2128172015,185118.9846157867,RPP-I-1000052_2
RPP-I-1000052,222,-397858.32359662774,185205.49224143833,RPP-I-1000052_3
RPP-T-1000072,223,-397621.6883874586,185022.77882583087,RPP-T-1000072_1
RPP-T-1000072,224,-397585.9991427971,184995.62396575836,RPP-T-1000072_2
RPP-T-1000072,225,-397649.23117409996,185044.50271388318,RPP-T-1000072_3
RPP-I-1000023,226,-397945.99500199256,184992.52055317786,RPP-I-1000023_1
RPP-I-1000023,227,-397887.80601613113,184949.07277706894,RPP-I-1000023_2
RPP-I-1000023,228,-398013.1062990186,185028.2097978489,RPP-I-1000023_3
RPP-I-1000101,229,-398023.58031647344,185429.32587372142,RPP-I-1000101_1
RPP-I-1000101,230,-397965.0034040402,185384.32639132155,RPP-I-1000101_2
RPP-I-1000101,231,-398075.1745506039,185470.83401697176,RPP-I-1000101_3
RPP-I-1000083,232,-397972.76193548786,185499.5405833281,RPP-I-1000083_1
RPP-I-1000083,233,-397912.6333167642,185453.76524778878,RPP-I-1000083_2
RPP-I-1000083,234,-398037.54567308066,185549.9710377432,RPP-I-1000083_3
RPP-I-1000105,235,-398332.3698681116,185570.143219506,RPP-I-1000105_1
RPP-I-1000105,236,-398269.9136899539,185521.26447138257,RPP-I-1000105_2
RPP-I-1000105,237,-398380.0848365176,185607.7720970356,RPP-I-1000105_3
RPP-T-1000024,238,-398186.80042181414,185906.66952108106,RPP-T-1000024_1
RPP-T-1000024,239,-398171.4773222046,185896.00154033693,RPP-T-1000024_2
RPP-T-1000024,240,-398200.37785184913,185917.14353853467,RPP-T-1000024_3
RPP-H-1000003b,241,-397355.3283046775,184715.9289070471,RPP-H-1000003b_1
RPP-H-1000003b,242,-397350.67318580946,184721.3598790588,RPP-H-1000003b_2
RPP-H-1000003b,243,-397358.81964382925,184711.27378817846,RPP-H-1000003b_3
RPP-H-1000089,244,-397287.8290810782,184765.1955817445,RPP-H-1000089_1
RPP-H-1000089,245,-397243.60545182426,184732.22182308495,RPP-H-1000089_2
RPP-H-1000089,246,-397325.4579586014,184794.29007468052,RPP-H-1000089_3
RPP-H-1000069,247,-397270.37238531956,184834.63443821174,RPP-H-1000069_1
RPP-H-1000069,248,-397224.59704977577,184799.3331201189,RPP-H-1000069_2
RPP-H-1000069,249,-397314.98394114664,184868.77197658332,RPP-H-1000069_3
RPP-H-1000040,250,-397987.06672784773,184469.98346013416,RPP-H-1000040_1
RPP-H-1000040,251,-397942.8430985929,184436.23384833656,RPP-H-1000040_2
RPP-H-1000040,252,-398028.18694452324,184500.62965934983,RPP-H-1000040_3
RPP-I-1000086,253,-397831.89609888324,184253.90835930096,RPP-I-1000086_1
RPP-I-1000086,254,-397798.92234022846,184229.8569118104,RPP-I-1000086_2
RPP-I-1000086,255,-397862.15437153185,184276.408100497,RPP-I-1000086_3
RPP-I-1000039,256,-398279.1754368719,184584.42179900198,RPP-I-1000039_1
RPP-I-1000039,257,-398224.4777901627,184543.6895088883,RPP-I-1000039_2
RPP-I-1000039,258,-398322.23528640904,184616.23177793677,RPP-I-1000039_3
RPP-I-1000073,259,-398329.9938178578,184508.3881908061,RPP-I-1000073_1
RPP-I-1000073,260,-398279.17543687235,184471.5351664202,RPP-I-1000073_2
RPP-I-1000073,261,-398379.6484191262,184544.8532886046,RPP-I-1000073_3
RPP-J-1000084,262,-398529.38807607634,184765.97143489035,RPP-J-1000084_1
RPP-J-1000084,263,-398477.7938419457,184728.7304839375,RPP-J-1000084_2
RPP-J-1000084,264,-398582.9219430687,184805.53994527075,RPP-J-1000084_3
RPP-I-1000114,265,-398638.3954429239,184601.87849475184,RPP-I-1000114_1
RPP-I-1000114,266,-398573.99963190325,184554.16352634545,RPP-I-1000114_2
RPP-I-1000114,267,-398692.31723648816,184641.05907857104,RPP-I-1000114_3
RPP-I-1000113,268,-398892.8752744238,184788.4711760871,RPP-I-1000113_1
RPP-I-1000113,269,-398833.1345822724,184744.24754683094,RPP-I-1000113_2
RPP-I-1000113,270,-398944.08158198174,184826.10005361034,RPP-I-1000113_3
RPP-L-1000048,271,-398774.363706552,185512.342160215,RPP-L-1000048_1
RPP-L-1000048,272,-398720.4419129862,185471.60987011687,RPP-L-1000048_2
RPP-L-1000048,273,-398836.8198847096,185556.17786290284,RPP-L-1000048_3
RPP-J-1000047,274,-398813.93221693713,185444.06708347393,RPP-J-1000047_1
RPP-J-1000047,275,-398759.6224968011,185403.33479336166,RPP-J-1000047_2
RPP-J-1000047,276,-398863.5868182063,185481.69596099932,RPP-J-1000047_3
RPP-H-1000081,277,-398926.43092293653,185290.83608736517,RPP-H-1000081_1
RPP-H-1000081,278,-398871.7332762273,185251.65550354598,RPP-H-1000081_2
RPP-H-1000081,279,-398974.53381791606,185326.13740545587,RPP-H-1000081_3
RPP-H-1000080,280,-398984.2319822262,185215.1904057482,RPP-H-1000080_1
RPP-H-1000080,281,-398935.74116067466,185180.27701422723,RPP-H-1000080_2
RPP-H-1000080,282,-399031.55902405985,185249.7158706952,RPP-H-1000080_3
RPP-T-1000079,283,-399038.54170236294,185139.15679755586,RPP-T-1000079_1
RPP-T-1000079,284,-398982.2923493651,185098.42450744074,RPP-T-1000079_2
RPP-T-1000079,285,-399095.95483508025,185180.66494080477,RPP-T-1000079_3
RPP-I-1000033,286,-399094.7910553626,185071.269647381,RPP-I-1000033_1
RPP-I-1000033,287,-399027.6797583368,185022.3908992498,RPP-I-1000033_2
RPP-I-1000033,288,-399161.514425818,185120.92424864598,RPP-I-1000033_3
RPP-H-1000076,289,-398720.4419129881,185023.94260554077,RPP-H-1000076_1
RPP-H-1000076,290,-398669.6235320025,184986.31372801823,RPP-H-1000076_2
RPP-H-1000076,291,-398765.0534688149,185055.75258448476,RPP-H-1000076_3
RPP-H-1000104,292,-398663.4167068435,185100.36414030995,RPP-H-1000104_1
RPP-H-1000104,293,-398611.4345461405,185061.9594096394,RPP-H-1000104_2
RPP-H-1000104,294,-398711.90752839466,185134.88960524913,RPP-H-1000104_3
RPP-T-1000022,295,-398604.4518678373,185171.35470306178,RPP-T-1000022_1
RPP-T-1000022,296,-398545.87495540304,185128.29485352474,RPP-T-1000022_2
RPP-T-1000022,297,-398659.53744111845,185213.63869945865,RPP-T-1000022_3
RPP-T-1000081,298,-398538.8922770992,185246.22453153998,RPP-T-1000081_1
RPP-T-1000081,299,-398490.01352897554,185200.0612694217,RPP-T-1000081_2
RPP-T-1000081,300,-398597.8571161056,185288.12060135862,RPP-T-1000081_3
RPP-I-1000078,301,-399353.34411587426,184647.65383030323,RPP-I-1000078_1
RPP-I-1000078,302,-399304.8532943234,184611.96458564067,RPP-I-1000078_2
RPP-I-1000078,303,-399397.95567170286,184679.85173580277,RPP-I-1000078_3
RPP-I-1000021,304,-399075.2007634578,184549.1204809028,RPP-I-1000021_1
RPP-I-1000021,305,-399015.46007130644,184503.73307193036,RPP-I-1000021_2
RPP-I-1000021,306,-399136.88108847116,184594.11996329844,RPP-I-1000021_3
RPP-I-1000103,307,-399127.95877730503,184477.74199158052,RPP-I-1000103_1
RPP-I-1000103,308,-399063.17503971286,184428.86324345358,RPP-I-1000103_2
RPP-I-1000103,309,-399190.4149554628,184525.06903341296,RPP-I-1000103_3
RPP-L-1000051,310,-398847.8757920249,184377.6569358962,RPP-L-1000051_1
RPP-L-1000051,311,-398794.729851605,184338.08842551507,RPP-L-1000051_2
RPP-L-1000051,312,-398895.590760432,184413.7341071299,RPP-L-1000051_3
RPP-I-1000010b,313,-398568.18073331757,184167.7886602184,RPP-I-1000010b_1
RPP-I-1000010b,314,-398514.2589397524,184127.83222326398,RPP-I-1000010b_2
RPP-I-1000010b,315,-398631.4127646211,184214.72777548106,RPP-I-1000010b_3
RPP-I-1000074,316,-398688.43797076534,184010.6783983889,RPP-I-1000074_1
RPP-I-1000074,317,-398633.74032405566,183968.7823285674,RPP-I-1000074_2
RPP-I-1000074,318,-398748.5665894885,184054.90202764363,RPP-I-1000074_3
RPP-T-1000075,319,-398794.72985160566,183854.34398970313,RPP-T-1000075_1
RPP-T-1000075,320,-398750.1182957782,183821.3702310549,RPP-T-1000075_2
RPP-T-1000075,321,-398844.3844528734,183892.7487203793,RPP-T-1000075_3
RPP-I-1000084,322,-398888.22015555715,183756.9744200275,RPP-I-1000084_1
RPP-I-1000084,323,-398826.92775711644,183711.1990844839,RPP-I-1000084_2
RPP-I-1000084,324,-398944.0815819838,183799.64634299124,RPP-I-1000084_3
RPP-I-1000036,325,-399059.6837005625,183685.20800412554,RPP-I-1000036_1
RPP-I-1000036,326,-399016.23592445254,183652.62217204637,RPP-I-1000036_2
RPP-I-1000036,327,-399114.7692738436,183726.7161473787,RPP-I-1000036_3
RPP-J-1000002,328,-399014.10232830327,184018.82485640922,RPP-J-1000002_1
RPP-J-1000002,329,-398977.63723049633,183991.669996341,RPP-J-1000002_2
RPP-J-1000002,330,-399047.076086958,184043.65215704704,RPP-J-1000002_3
RPP-H-1000050,331,-399129.704446881,183938.5240559222,RPP-H-1000050_1
RPP-H-1000050,332,-399083.92911133805,183903.222737823,RPP-H-1000050_2
RPP-H-1000050,333,-399180.52282786736,183975.37708029326,RPP-H-1000050_3
RPP-J-1000001,334,-399133.89133861486,184108.42495029356,RPP-J-1000001_1
RPP-J-1000001,335,-399128.0907823944,184104.69602130074,RPP-J-1000001_2
RPP-J-1000001,336,-399140.5205457237,184113.81118107395,RPP-J-1000001_3
RPP-I-1000034,337,-399189.63910231856,184385.80339391725,RPP-I-1000034_1
RPP-I-1000034,338,-399125.2432912977,184337.3125723678,RPP-I-1000034_2
RPP-I-1000034,339,-399255.9745462003,184435.45799518435,RPP-I-1000034_3
RPP-I-1000077,340,-399389.42128710914,184374.5535233178,RPP-I-1000077_1
RPP-I-1000077,341,-399382.82653537835,184383.8637610544,RPP-I-1000077_2
RPP-I-1000077,342,-399396.4039654126,184366.4070653003,RPP-I-1000077_3
RPP-I-1000055,343,-398278.20562044077,184064.98811853246,RPP-I-1000055_1
RPP-I-1000055,344,-398211.87017655943,184015.33351725474,RPP-I-1000055_2
RPP-I-1000055,345,-398336.78253287554,184109.59967435623,RPP-I-1000055_3
RPP-I-1000010a,346,-398332.9032671511,183990.1182900507,RPP-I-1000010a_1
RPP-I-1000010a,347,-398272.38672185515,183946.28258736784,RPP-I-1000010a_2
RPP-I-1000010a,348,-398395.35944530927,184037.05740531202,RPP-I-1000010a_3
RPP-H-1000032,349,-399814.2008838983,184061.10885280184,RPP-H-1000032_1
RPP-H-1000032,350,-399771.5289609335,184029.2988738621,RPP-H-1000032_2
RPP-H-1000032,351,-399850.66598170466,184089.42749258497,RPP-H-1000032_3
RPP-T-1000004,352,-399916.2255724425,183955.59282510233,RPP-T-1000004_1
RPP-T-1000004,353,-399882.0880340705,183930.37759789833,RPP-T-1000004_2
RPP-T-1000004,354,-399947.64762480784,183979.64427259713,RPP-T-1000004_3
RPP-I-1000102b,355,-399773.46859379474,183940.07576221245,RPP-I-1000102b_1
RPP-I-1000102b,356,-399762.6066497677,183931.15345104344,RPP-I-1000102b_2
RPP-I-1000102b,357,-399784.3305378236,183948.61014679898,RPP-I-1000102b_3
RPP-I-1000102a,358,-399795.58040842315,183912.92090213997,RPP-I-1000102a_1
RPP-I-1000102a,359,-399782.7788315339,183907.10200354864,RPP-I-1000102a_2
RPP-I-1000102a,360,-399808.76991188416,183919.51565387004,RPP-I-1000102a_3
RPP-I-1000087,361,-397650.79834084184,184767.30832687957,RPP-I-1000087_1
RPP-I-1000087,362,-397642.3382035251,184761.17472733586,RPP-I-1000087_2
RPP-I-1000087,363,-397657.5664506941,184772.38440927104,RPP-I-1000087_3
RPP-H-1000003a,364,-397259.78136928234,184646.43411497725,RPP-H-1000003a_1
RPP-H-1000003a,365,-397256.29156263964,184651.08719050797,RPP-H-1000003a_2
RPP-H-1000003a,366,-397263.6941827914,184641.78103945576,RPP-H-1000003a_3
RPP-I-1000035,367,-399542.220665341,183536.88710600493,RPP-I-1000035_1
RPP-I-1000035,368,-399476.65460114443,183489.08733017012,RPP-I-1000035_2
RPP-I-1000035,369,-399601.86463341606,183581.3028269175,RPP-I-1000035_3
