RUELLE_ID,PROPRIETAI,Length,L1,X_1,X_2,X_3,Y_1,Y_2,Y_3,geometry
PMR-A-1000010,Plateau - Mont-Royal,395.92698816314424,1,-395858.3914399084,-395886.0903853273,-395807.87227260217,183661.49430817517,183688.18549004477,183627.52935225423,"c(-395811.782673388, -395798.615665524, -395798.419736631, -395798.559762783, -395798.951915225, -395799.762664232, -395830.724575898, -395875.657587042, -395889.381792596, -395903.449365195, -395904.470538706, -395905.491712181, -395906.182466483, -395906.873220758, -395890.084003149, -395886.57426241, -395885.596940874, -395845.204908575, -395805.398364777, -395795.56870038, -395794.859386197, -395794.150216953, -395793.539570728, -395780.196485338, -395778.615729755, -395777.034974103, -395790.664843311, 
-395792.86418328, -395795.942006153, -395808.163035734, -395809.972854604, -395811.782673388, 183596.455329629, 183613.395438567, 183614.290051613, 183615.247910285, 183615.729823315, 183616.355418623, 183640.724470739, 183674.45620617, 183684.702099618, 183666.272497111, 183667.053753523, 183667.835009942, 183668.401021442, 183668.967032972, 183691.098396957, 183688.538425354, 183687.825576388, 183656.29817618, 183625.622939359, 183618.455621824, 183618.333605026, 183618.588885991, 183618.911049258, 
183636.472232288, 183635.241004523, 183634.009776824, 183616.673147579, 183613.746485116, 183609.650825999, 183593.709739161, 183595.082534348, 183596.455329629)"
PMR-A-1000027,Plateau - Mont-Royal,545.0073347645887,2,-396411.70890720555,-396352.68186066026,-396460.25702525623,184096.7615311186,184044.72794135066,184128.34334442695,"c(-396519.374029744, -396470.457622543, -396412.982109784, -396365.337353314, -396328.77672383, -396330.451007702, -396332.125291687, -396332.184832136, -396332.244372592, -396368.050326812, -396413.290606118, -396457.38497833, -396485.517167812, -396522.86282385, -396536.907011995, -396538.026647781, -396539.149924916, -396522.054670321, -396519.374029744, 184180.264387126, 184142.473446378, 184097.746561023, 184060.885569135, 184033.017969374, 184030.815992536, 184028.614015842, 184028.659714987, 
184028.705414122, 184056.776470336, 184091.56267165, 184126.192909735, 184147.25678431, 184175.763555219, 184157.660774062, 184158.616510796, 184159.575028995, 184182.335350558, 184180.264387126)"
PMR-A-1000034,Plateau - Mont-Royal,453.81779667158014,3,-396388.70353244385,-396390.2306490915,-396480.5620443234,183280.7547560028,183275.38244342076,183344.02699430793,"c(-396478.962287118, -396443.293193771, -396405.455113642, -396374.200908619, -396345.09751369, -396345.037972326, -396344.978430954, -396346.530501945, -396348.082573035, -396348.141580527, -396348.200588024, -396367.085984832, -396409.586843096, -396446.400123364, -396484.110119453, -396507.646448653, -396506.129571593, -396504.612694622, -396482.916861241, -396470.068619475, -396468.172953067, -396466.277286556, -396478.962287118, 183349.49527499, 183322.344035044, 183293.472456519, 183269.744450509, 
183247.32662056, 183247.280921962, 183247.235223364, 183245.133867877, 183243.032512537, 183243.078674886, 183243.124837253, 183257.959955872, 183289.953104082, 183318.036652369, 183346.72636493, 183364.697635323, 183366.692331095, 183368.687026975, 183352.467372969, 183369.423334432, 183367.978852669, 183366.534371012, 183349.49527499)"
PMR-A-1000046,Plateau - Mont-Royal,245.046252087656,4,-395825.7426471038,-395874.3370871928,-395869.1512540556,184048.8573063449,184086.1604342189,184086.76740342914,"c(-395820.791185638, -395820.404061186, -395806.063955192, -395804.787240971, -395803.510526706, -395803.421744567, -395803.332962426, -395820.106903016, -395846.846716796, -395895.66405011, -395894.726657033, -395893.417913826, -395869.870247876, -395821.996268629, -395821.390475806, -395820.791185638, 184049.60497173, 184049.974600483, 184068.013405067, 184067.031231638, 184066.049058267, 184065.980758368, 184065.912458475, 184044.562788472, 184064.938910313, 184102.624041179, 184103.828512097, 
184105.510136715, 184087.33340673, 184049.646253458, 184049.463615829, 184049.60497173)"
PMR-A-1000053,Plateau - Mont-Royal,63.75450044295154,5,-398109.7801283926,-398099.45380948484,-398108.9165330627,183193.2927623316,183199.01736319883,183186.1917391239,"c(-398119.418753344, -398117.794747278, -398103.333714706, -398101.363580432, -398099.393446062, -398114.65633079, -398115.360579433, -398117.389666441, -398119.418753344, 183180.61532173, 183182.369677006, 183202.078548375, 183200.588863547, 183199.099178815, 183178.412109156, 183177.498328741, 183179.056825177, 183180.61532173)"
PMR-A-1000065,Plateau - Mont-Royal,258.1389883585489,6,-398330.89808193396,-398383.15621552523,-398372.4562892958,182747.74522364757,182785.61103179993,182782.48726668442,"c(-398320.159395574, -398307.315507684, -398306.009720061, -398304.703932382, -398319.901592458, -398353.319351076, -398403.005830461, -398403.065973969, -398403.126117468, -398401.748253266, -398400.370389156, -398400.310245652, -398400.250102141, -398369.119516993, -398320.159395574, 182744.67805076, 182762.504121061, 182761.527640789, 182760.551160548, 182739.789355089, 182763.96682515, 182800.010305166, 182800.054545004, 182800.098784847, 182801.994812514, 182803.890840297, 182803.846600457, 
182803.802360605, 182779.928293743, 182744.67805076)"
PMR-A-1000066,Plateau - Mont-Royal,93.64369359146603,7,-396826.86287934653,-396812.3260086706,-396826.17719480966,183010.15940011357,183024.09681415113,183005.22312937886,"c(-396840.763103368, -396827.952227083, -396815.141357553, -396815.097985249, -396815.054612944, -396813.662234236, -396812.269855483, -396825.10352888, -396837.937209091, -396839.350156257, -396840.763103368, 182991.321801899, 183008.683113512, 183026.044433868, 183026.105526779, 183026.166619696, 183025.169974198, 183024.173328728, 183006.686109716, 182989.198899513, 182990.260350679, 182991.321801899)"
PMR-A-1000067,Plateau - Mont-Royal,415.97199139253513,8,-395733.1933546842,-395651.3940455774,-395732.8556998399,183415.894530654,183353.60117643225,183412.60294464754,"c(-395814.593069229, -395813.315295027, -395811.712847375, -395809.833067918, -395778.755834196, -395777.287098215, -395762.870748447, -395740.267864234, -395710.859697632, -395676.278809919, -395654.192234201, -395653.18312722, -395650.908891797, -395651.667331522, -395652.42577129, -395669.900222484, -395692.697731658, -395774.019026793, -395777.149679935, -395814.593069229, 183468.755310717, 183470.529978438, 183472.75557702, 183471.94002854, 183448.355698147, 183450.037999726, 183438.706941152, 
183421.338570747, 183398.7081344, 183372.452699744, 183355.835869747, 183355.307300868, 183354.787821387, 183352.932742215, 183351.077663101, 183364.726312349, 183381.760541998, 183444.217489948, 183440.266406171, 183468.755310717)"
PMR-A-1000071,Plateau - Mont-Royal,586.4729943218665,9,-396725.36957100866,-396732.60756883526,-396652.27139239793,183338.73900324432,183382.49620640808,183295.95176534995,"c(-396667.015762354, -396641.48792326, -396641.641711084, -396664.480818145, -396703.602458434, -396741.13471734, -396766.82833733, -396770.566980595, -396770.902393295, -396771.237805997, -396752.263845636, -396742.654275784, -396747.904664976, -396729.355381997, -396727.396865687, -396725.438349283, -396740.38215367, -396740.406841707, -396740.074486082, -396736.913679319, -396732.802718967, -396711.671252268, -396673.03060955, -396634.07851881, -396631.971174005, -396605.937488971, -396607.154940816, 
-396608.372392722, -396634.546153438, -396636.349602015, -396662.899327905, -396664.817617136, -396667.015762354, 183242.940066849, 183276.451017334, 183276.49693736, 183293.746772163, 183322.371040177, 183350.593737399, 183317.295279972, 183320.087951759, 183320.293794031, 183320.499636294, 183345.322119515, 183358.548291537, 183362.29999536, 183386.789952825, 183385.306047627, 183383.822142539, 183364.307707372, 183363.938220899, 183363.347943757, 183360.848580148, 183357.597896646, 183341.696228425, 
183311.664990624, 183282.181076457, 183280.585970932, 183260.802373569, 183259.203851094, 183257.605328699, 183277.038192102, 183274.916749382, 183239.902000489, 183241.317762029, 183242.940066849)"
PMR-A-1000079,Plateau - Mont-Royal,101.77323175440041,10,-397013.9132331817,-397029.6280722891,-397014.57092257566,183526.82040482218,183513.25813803615,183533.76774947485,"c(-396998.520548095, -396999.707919894, -397009.70156585, -397009.718023083, -397025.970732767, -397027.86659641, -397029.762459959, -397011.222521359, -397002.719765534, -396998.520548095, 183547.076137396, 183545.538665654, 183532.598370506, 183532.584519565, 183510.253699107, 183511.664392606, 183513.0750862, 183538.328666328, 183550.163947365, 183547.076137396)"
PMR-C-1000031,Plateau - Mont-Royal,273.2475197505284,11,-396202.939298982,-396228.7371049722,-396175.6950735792,181914.8945702485,181932.76056423815,181898.32232462917,"c(-396174.559018418, -396164.16948076, -396178.601563743, -396177.83915784, -396196.508619789, -396225.583399152, -396237.500494274, -396238.682915443, -396239.865336562, -396225.36213421, -396201.115968373, -396173.256896876, -396161.784451694, -396160.201791569, -396151.188452267, -396150.874414192, -396152.352138848, -396161.901426853, -396172.398442059, -396173.478730258, -396174.559018418, 181869.835221791, 181883.649990859, 181894.427862348, 181895.379554824, 181909.999650439, 181932.130860718, 
181917.150674683, 181918.038171424, 181918.925668183, 181936.956412366, 181918.503443838, 181896.386706898, 181887.738245704, 181886.482837836, 181880.047956273, 181876.677855332, 181874.70109184, 181881.87801915, 181868.209097714, 181869.022159727, 181869.835221791)"
PMR-H-1000008,Plateau - Mont-Royal,258.94503390008026,12,-396412.2385288812,-396361.1067347962,-396411.64195693104,183681.098092244,183641.52076819586,183673.4953417768,"c(-396463.158209006, -396461.576728426, -396459.995247953, -396448.400573284, -396404.189046095, -396361.179234461, -396361.119693571, -396361.060152678, -396364.253215014, -396364.312843796, -396364.372531172, -396416.269628415, -396463.158209006, 183712.698133813, 183714.722811351, 183716.747489017, 183708.402497308, 183675.020273852, 183641.672978651, 183641.627279753, 183641.581580863, 183637.413057703, 183637.458641545, 183637.504148698, 183677.018875545, 183712.698133813)"
PMR-H-1000018,Plateau - Mont-Royal,355.2952785513263,13,-395860.7847798022,-395931.0733880427,-395903.4525241212,183583.54394151602,183631.07841691226,183620.97764632016,"c(-395832.248223828, -395818.851030209, -395817.399333358, -395815.947636453, -395831.597530177, -395833.313902335, -395835.030274407, -395836.455865456, -395874.24587679, -395914.619223648, -395926.922005805, -395927.617989451, -395928.332477263, -395928.93978255, -395942.163417717, -395943.914249655, -395945.665081524, -395930.453935206, -395929.691598884, -395928.053315737, -395926.41503251, -395923.890282756, -395924.33701207, -395924.710621387, -395924.860452002, -395901.418151762, -395870.912580851, 
-395846.014894574, -395835.725700743, -395834.744171688, -395833.79131613, -395832.909389563, -395832.248223828, 183569.391329251, 183587.000539795, 183585.889769834, 183584.778999925, 183564.052088007, 183565.343691607, 183566.635295282, 183564.989560828, 183593.810010706, 183624.344635541, 183633.813634363, 183634.200930891, 183634.256773793, 183633.882566369, 183616.503041669, 183617.842485498, 183619.181929403, 183639.272300499, 183640.225273267, 183638.919147571, 183637.613021956, 183641.343477924, 
183640.653411321, 183639.476774417, 183637.750007638, 183619.383786865, 183596.381969117, 183577.672705874, 183569.463375832, 183569.031570467, 183568.801745827, 183568.991739656, 183569.391329251)"
PMR-H-1000020,Plateau - Mont-Royal,345.12805221328216,14,-396820.6671058483,-396875.5693763775,-396806.72763360065,183132.505090235,183180.2903710463,183128.27811046893,"c(-396790.515982643, -396774.145231845, -396813.60939289, -396854.708164073, -396882.43263328, -396880.463816308, -396878.494999466, -396857.205886378, -396817.05163418, -396771.338540692, -396772.741886231, -396770.803489236, -396768.865092127, -396787.161484971, -396788.838733851, -396790.515982643, 183074.774673029, 183097.750848157, 183127.269018424, 183157.7599322, 183178.442237665, 183180.465841967, 183182.489446399, 183166.487260724, 183136.235872449, 183101.0001211, 183099.375484593, 183097.939147406, 
183096.502810313, 183072.214696553, 183073.494684749, 183074.774673029)"
PMR-H-1000024,Plateau - Mont-Royal,333.9214044862863,15,-396331.3899150079,-396265.0264556348,-396330.5506554365,183403.24260605668,183352.91184264215,183395.81671073823,"c(-396396.906145864, -396395.266792198, -396393.627438638, -396393.568431429, -396393.50942421, -396335.47977915, -396293.896015156, -396265.03033806, -396264.970228299, -396264.910118534, -396266.802884259, -396268.695650116, -396268.755725295, -396268.815800481, -396396.906145864, 183446.47160106, 183448.536504251, 183450.601407564, 183450.555245016, 183450.509082462, 183406.320608228, 183375.024968223, 183353.138070465, 183353.093334043, 183353.048597634, 183350.823639652, 183348.598681831, 183348.643916653, 
183348.689151487, 183446.47160106)"
PMR-H-1000033,Plateau - Mont-Royal,481.2900116136774,16,-396681.35448424367,-396585.7883493606,-396679.29660897935,183776.57727090354,183703.47453573006,183767.8995548196,"c(-396775.140710252, -396774.786882019, -396771.092256951, -396770.944929637, -396726.709831228, -396675.733617864, -396630.27124005, -396601.412699895, -396585.376527219, -396585.317555026, -396585.258582834, -396586.945136939, -396588.631691156, -396588.691765686, -396588.751840229, -396609.093305783, -396653.752921562, -396687.958916718, -396719.693610717, -396758.341668171, -396775.140710252, 183840.637555172, 183841.090097164, 183845.935956774, 183846.119732841, 183811.079409203, 183772.301437466, 
183737.095995296, 183715.43398997, 183703.159311872, 183703.112650542, 183703.065989193, 183700.855765204, 183698.645541366, 183698.690776767, 183698.736012171, 183714.795881551, 183748.551754668, 183774.460729651, 183798.277067327, 183828.071084332, 183840.637555172)"
PMR-H-1000047,Plateau - Mont-Royal,100.25674642357723,17,-397155.6029393115,-397139.6040784776,-397154.34367997805,183224.7985689528,183238.50012273272,183218.9620001912,"c(-397170.440807808, -397157.523389049, -397156.703035098, -397155.882681179, -397143.221723863, -397141.18058574, -397139.139447502, -397152.022613326, -397153.198384134, -397167.322498926, -397168.8816534, -397170.440807808, 183204.606876487, 183221.870983168, 183223.149487357, 183224.427991568, 183241.200112566, 183239.676731489, 183238.153350543, 183221.950113496, 183220.436439845, 183202.253229771, 183203.430053099, 183204.606876487)"
PMR-H-1000062,Plateau - Mont-Royal,311.41495356912833,18,-396554.63769820856,-396603.38882142224,-396541.5767229752,183480.48209700148,183522.65346733454,183475.32002609738,"c(-396522.820748892, -396509.79439799, -396542.766149952, -396586.164988226, -396609.49899473, -396608.365906333, -396607.232818003, -396569.025126137, -396533.957640117, -396507.905200984, -396508.849799465, -396506.71335069, -396504.576901781, -396518.943450436, -396520.882099715, -396522.820748892, 183429.172621005, 183446.026113484, 183471.529997541, 183504.256202102, 183522.225184729, 183523.915322732, 183525.605460803, 183496.263900669, 183469.506459647, 183449.278975878, 183447.652544644, 
183445.958254279, 183444.26396402, 183426.209636389, 183427.691128636, 183429.172621005)"
PMR-H-1000070,Plateau - Mont-Royal,322.08019486390896,19,-397063.04567291244,-397067.2858824381,-397047.6769121726,183955.66462858,183973.04907667765,183951.9003082864,"c(-397037.703447231, -397021.086089354, -397069.569004202, -397086.033196609, -397088.38899064, -397090.744784505, -397072.204999298, -397053.012484137, -397050.686139775, -397048.359795268, -397065.713029854, -397036.06913749, -397017.154274952, -397019.120182081, -397017.482866307, -397015.845550461, -397034.660411626, -397036.181889378, -397037.703447231, 183901.481682849, 183923.837516021, 183960.612694829, 183938.483369033, 183940.359589277, 183942.235809672, 183966.599772177, 183991.762495067, 
183989.984055041, 183988.205615142, 183965.704037982, 183943.016434999, 183928.620757356, 183926.229136603, 183924.985178031, 183923.741219518, 183899.059577694, 183900.270598338, 183901.481682849)"
PMR-H-1000077,Plateau - Mont-Royal,111.93039404961468,20,-396974.8483936926,-396960.63935410575,-396943.3367954364,184492.68072399328,184514.31982118028,184533.89751054003,"c(-396957.481706223, -396958.857552103, -396973.266482407, -396974.914701731, -396976.562920982, -396960.421678123, -396944.846084954, -396943.254194947, -396941.662304874, -396956.096293174, -396957.402319295, -396957.481706223, 184512.137922624, 184510.337421025, 184491.481176809, 184492.731004702, 184493.98083269, 184514.597856205, 184535.066172007, 184533.833551963, 184532.600931971, 184513.931107329, 184512.241812379, 184512.137922624)"
PMR-I-1000002,Plateau - Mont-Royal,411.7398957448761,21,-396471.60473620147,-396389.8694200932,-396470.4442639943,183251.23541738396,183189.23336449964,183244.04988066797,"c(-396552.354680733, -396550.74432142, -396549.133962213, -396517.594274758, -396483.794465175, -396447.562793814, -396389.784836243, -396389.72472638, -396389.664616507, -396391.320399251, -396392.976182111, -396393.035688933, -396393.095195764, -396435.587016312, -396460.695441209, -396498.871451777, -396540.924028029, -396552.354680733, 183306.388794077, 183308.488084089, 183310.587374225, 183285.891918418, 183260.403160792, 183233.153771818, 183189.614693858, 183189.569957416, 183189.525220979, 
183187.165638654, 183184.806056499, 183184.852253522, 183184.898450524, 183217.708987251, 183236.663579755, 183265.588046628, 183297.816439404, 183306.388794077)"
PMR-I-1000005,Plateau - Mont-Royal,366.9745116437317,22,-396157.076551166,-396084.01281374745,-396156.85388626414,182743.3298504757,182687.8549401835,182736.52166572452,"c(-396230.565807916, -396229.278612055, -396227.991416261, -396212.051282833, -396165.037293588, -396122.970075699, -396083.904410171, -396085.112997882, -396086.321585651, -396125.284723998, -396197.647607641, -396230.565807916, 182791.139579101, 182792.841424647, 182794.543270287, 182783.286292107, 182749.219693132, 182718.095800254, 182687.770791113, 182686.173008713, 182684.575226403, 182712.855362029, 182767.103300765, 182791.139579101)"
PMR-I-1000007,Plateau - Mont-Royal,592.7860127827732,23,-396549.37474326836,-396431.24096649274,-396548.67855728004,182342.38186128912,182253.08745887288,182336.90013943915,"c(-396667.066234174, -396665.900158371, -396664.734082622, -396604.407162653, -396567.257056771, -396513.4564273, -396468.505752108, -396431.174466338, -396432.367996946, -396433.561631001, -396495.064887581, -396558.905836263, -396615.372767359, -396667.066234174, 182426.038145153, 182427.579351174, 182429.120557247, 182383.873588138, 182355.737412763, 182315.555974487, 182281.363361841, 182253.177965928, 182251.553564579, 182249.929022575, 182296.480509433, 182344.61053932, 182386.530445705, 182426.038145153
)"
PMR-I-1000019,Plateau - Mont-Royal,404.487279124849,24,-396792.2055410978,-396711.48729681666,-396791.7276397442,182449.43039021993,182388.5237427257,182443.54703911854,"c(-396872.469303702, -396871.285374333, -396870.101445013, -396853.853092307, -396800.434566737, -396747.105693525, -396711.39276087, -396712.506797661, -396713.620834507, -396736.934251789, -396792.888953382, -396842.597964752, -396872.469303702, 182504.421151253, 182505.988571744, 182507.555992294, 182495.48896684, 182455.725135286, 182414.931525416, 182388.45365297, 182386.983721954, 182385.513790982, 182402.085417165, 182444.425793815, 182482.421092411, 182504.421151253)"
PMR-I-1000025,Plateau - Mont-Royal,379.1130725097748,25,-396306.5052671323,-396231.46348928584,-396306.1647143221,182752.5326640811,182695.02567163535,182746.13551555417,"c(-396381.706994691, -396380.476396631, -396379.245798626, -396319.899387298, -396261.141213418, -396231.321082504, -396232.710378853, -396234.099675288, -396345.866920166, -396381.706994691, 182803.374347685, 182805.018179625, 182806.662011642, 182762.677622727, 182718.173076199, 182695.21387457, 182693.377798745, 182691.541723009, 182776.212429665, 182803.374347685)"
PMR-I-1000032,Plateau - Mont-Royal,427.2667604630477,26,-396648.9228275433,-396563.6147007407,-396648.21806243825,183009.76015736992,182945.47750865796,183003.6582575778,"c(-396733.465447653, -396732.180327164, -396730.895206745, -396671.854739271, -396619.995708314, -396563.579966406, -396564.827490432, -396566.075014531, -396608.894654409, -396679.563553053, -396733.465447653, 183068.021889072, 183069.714408222, 183071.406927459, 183027.164435198, 182987.805789769, 182945.451431708, 182943.795236113, 182942.139040586, 182974.049642075, 183027.259888918, 183068.021889072)"
PMR-I-1000050,Plateau - Mont-Royal,71.31114093908059,27,-396841.42877847527,-396829.6108256637,-396840.5057172032,183229.69064701058,183236.62768921972,183222.51662377585,"c(-396852.231072344, -396840.267174496, -396833.675768977, -396833.489571344, -396833.30337371, -396831.416958202, -396829.530542601, -396839.573060152, -396848.039124429, -396850.135082701, -396852.231072344, 183215.508250402, 183231.215723863, 183239.653991824, 183239.51642992, 183239.378868018, 183238.055092148, 183236.731316344, 183223.768716542, 183212.40301913, 183213.955623048, 183215.508250402)"
PMR-I-1000054,Plateau - Mont-Royal,71.54488759303182,28,-396736.68940372195,-396724.8679178192,-396735.5921477564,183151.03947961307,183157.93076937424,183143.78772026135,"c(-396747.504819545, -396738.276213884, -396729.047611651, -396728.325147322, -396727.60268299, -396727.235709308, -396726.868735629, -396725.813943001, -396724.759150345, -396743.353832556, -396745.429341183, -396747.504819545, 183136.793648139, 183148.949366331, 183161.105088899, 183160.556487484, 183160.007886088, 183159.729261495, 183159.450636913, 183158.649391989, 183157.848147084, 183133.713629315, 183135.253649865, 183136.793648139)"
PMR-I-1000072,Plateau - Mont-Royal,72.12056928866483,29,-397099.7618309357,-397087.98735703155,-397098.92796141916,183422.05283217345,183429.58234046603,183415.25093412225,"c(-397110.829304337, -397101.239677081, -397091.650053451, -397089.775618423, -397087.901183312, -397097.382885103, -397106.864590495, -397108.846947471, -397110.829304337, 183407.819172607, 183420.152202118, 183432.485236213, 183431.090228998, 183429.695221865, 183417.274871875, 183404.854526484, 183406.336849492, 183407.819172607)"
PMR-I-1000075,Plateau - Mont-Royal,107.9624042183252,30,-396183.44321694685,-396167.05135578476,-396183.10469198914,181829.70559786502,181848.4964234555,181826.79889037003,"c(-396199.496565289, -396184.055814429, -396168.615073371, -396167.815703665, -396167.016333946, -396182.490859688, -396197.965395284, -396198.730980294, -396199.496565289, 181808.00807376, 181828.877617047, 181849.747172973, 181849.145465807, 181848.543758634, 181827.628539146, 181806.713332355, 181807.360703048, 181808.00807376)"
PMR-J-1000012,Plateau - Mont-Royal,525.4692018033643,31,-396764.36846830323,-396742.48798308044,-396846.8458958636,183646.39726028172,183624.35662590724,183704.1487979686,"c(-396868.8653594, -396701.669684315, -396704.241307065, -396783.249627545, -396828.788516448, -396870.904277365, -396884.584019872, -396887.935907937, -396873.805250717, -396873.557337047, -396858.773437007, -396856.91058454, -396855.047731974, -396868.8653594, 183726.007356242, 183598.630708019, 183595.082601493, 183655.555608395, 183690.346301662, 183722.538272663, 183705.070256423, 183707.620857524, 183726.340886957, 183726.662772869, 183745.857889926, 183744.429688081, 183743.001486326, 183726.007356242
)"
PMR-L-1000001,Plateau - Mont-Royal,312.4617095423848,32,-396957.0368226427,-396899.4524906619,-396955.99718413723,182648.74150931864,182632.88515844315,182642.7168152638,"c(-397018.659796656, -397017.751776019, -397016.843755421, -397016.379774651, -397015.915793883, -396915.943969016, -396902.013291958, -396900.558260137, -396899.10322826, -396914.89554586, -396954.272855881, -397006.873005655, -397018.659796656, 182689.353225659, 182690.524394125, 182691.695562617, 182692.309546625, 182692.923530645, 182617.905961465, 182635.568387219, 182634.469593611, 182633.370800062, 182611.411932903, 182641.422323368, 182680.910435543, 182689.353225659)"
PMR-L-1000060,Plateau - Mont-Royal,162.9249315356463,33,-396609.8216095728,-396603.6396073378,-396608.95626947394,182225.88129709184,182197.36035103124,182222.0649576547,"c(-396641.677852611, -396640.769871751, -396639.861890917, -396592.497380366, -396604.984919674, -396605.175213404, -396605.365507142, -396606.647284391, -396607.929061596, -396596.259378527, -396641.677852611, 182246.320499893, 182247.515175957, 182248.709852066, 182212.716070232, 182195.5063017, 182195.649328323, 182195.792354935, 182196.75594766, 182197.719540417, 182212.653127752, 182246.320499893)"
PMR-L-1000063,Plateau - Mont-Royal,154.15085046465768,34,-396528.25502100016,-396544.77975152875,-396514.8669181325,182913.92695788157,182931.69315029262,182908.37128010186,"c(-396538.716385855, -396520.9930408, -396551.518882145, -396550.197999505, -396548.891517892, -396514.500077949, -396516.938260948, -396534.355147725, -396536.535790202, -396538.716385855, 182884.947335014, 182908.478769384, 182931.38031044, 182933.080803766, 182934.791797821, 182908.874238077, 182905.531355704, 182881.651869475, 182883.299619819, 182884.947335014)"
PMR-T-1000006,Plateau - Mont-Royal,295.4042752802533,35,-396734.42211871006,-396675.3089322486,-396733.2512759983,182481.1556749482,182436.8900537368,182475.3870570163,"c(-396792.595338681, -396791.411699014, -396790.228059406, -396746.885217329, -396699.496379425, -396675.208343149, -396676.465087577, -396677.721832064, -396724.787769014, -396751.885345958, -396792.595338681, 182519.344487562, 182521.082964506, 182522.821441523, 182490.577721341, 182454.751973437, 182436.815770808, 182435.154709522, 182433.493648291, 182469.096172072, 182489.237673597, 182519.344487562)"
PMR-T-1000014,Plateau - Mont-Royal,418.43544659835266,36,-397106.8050223841,-397078.65225685923,-397162.74063867005,183351.82890317158,183325.84828953113,183388.07408858492,"c(-397190.261859394, -397189.149189551, -397150.444301716, -397094.315871522, -397051.027244191, -397052.305949491, -397053.584654852, -397103.671723441, -397152.320181831, -397191.374529294, -397209.199067756, -397210.883036889, -397212.567005939, -397212.621847187, -397212.676688427, -397193.708213851, -397193.510288326, -397191.886073893, -397190.261859394, 183411.316720554, 183413.00806304, 183384.444227995, 183342.494704295, 183310.612819285, 183308.997618267, 183307.382417304, 183344.278703137, 
183380.231134733, 183409.625378151, 183386.533981988, 183387.803002999, 183389.072024076, 183389.113368721, 183389.154713381, 183413.491113635, 183413.754019882, 183412.53537019, 183411.316720554)"
PMR-T-1000017,Plateau - Mont-Royal,442.20718316625045,37,-397068.7683898312,-397065.7386393987,-397154.1916425345,182733.0375897456,182725.16850628838,182791.48380438457,"c(-397157.290342513, -397132.109323827, -397065.148519848, -397023.612118598, -397024.880698403, -397026.149278277, -397091.278809789, -397159.69339484, -397173.198821488, -397173.334087598, -397173.469353712, -397175.070149943, -397176.670946111, -397161.618426645, -397160.85828033, -397147.045093207, -397145.55129013, -397144.057486989, -397143.800976796, -397143.544466604, -397157.290342513, 182799.259928714, 182780.192921782, 182730.34271046, 182698.612658466, 182696.954782618, 182695.29690685, 
182744.439485103, 182795.597848861, 182777.559424624, 182777.660908291, 182777.76239196, 182778.963840875, 182780.165289848, 182799.815694476, 182800.808032812, 182820.028305482, 182818.897849669, 182817.767393917, 182817.576543025, 182817.38569214, 182799.259928714)"
PMR-T-1000041,Plateau - Mont-Royal,478.2593277501782,38,-396627.09700606903,-396532.65826710383,-396626.5798922805,183845.21893387995,183772.70956002493,183838.1865632617,"c(-396721.557452831, -396720.112411939, -396718.667371135, -396668.826226204, -396609.34186031, -396560.554849332, -396532.355248087, -396534.093473868, -396535.831699773, -396583.121818494, -396649.155234699, -396700.107515903, -396721.557452831, 183910.802005787, 183912.667148055, 183914.532290447, 183877.026530342, 183831.685287442, 183794.960225528, 183773.102995303, 183770.84610941, 183768.589223684, 183804.64096686, 183855.612630719, 183893.755363018, 183910.802005787)"
PMR-T-1000051,Plateau - Mont-Royal,527.4059395342289,39,-396688.86700798717,-396793.38539053063,-396735.0763098826,184598.48714780703,184678.86551589245,184639.25416843497,"c(-396630.281448102, -396615.346669512, -396613.751359852, -396612.156050127, -396628.076544178, -396629.895087162, -396631.713630057, -396633.089045517, -396792.183033906, -396816.059317315, -396814.940698046, -396813.822078826, -396773.714800948, -396710.04690392, -396630.281448102, 184559.237859514, 184578.189127778, 184576.985220551, 184575.7813134, 184554.93573777, 184556.340925383, 184557.746113095, 184555.606455123, 184677.913906342, 184696.81087821, 184698.259077394, 184699.707276637, 184669.16418429, 
184619.878931242, 184559.237859514)"
PMR-T-1000068,Plateau - Mont-Royal,64.78688859992002,40,-397028.8999149696,-397018.2532047479,-397028.19818978687,184552.68477790843,184559.82332968118,184547.03931305965,"c(-397038.873556901, -397023.119010696, -397021.519419868, -397019.809489784, -397018.231467281, -397035.652302194, -397037.262929583, -397038.873556901, 184539.923105799, 184560.081675184, 184562.256417335, 184561.005599577, 184559.851272624, 184537.457247673, 184538.690176704, 184539.923105799)"
RPP-F-1000029,Rosemont - La Petite-Patrie,501.4253983665126,41,-395839.97285552736,-395845.216307269,-395763.7154101803,186393.83574092865,186427.21848416154,186359.2028054836,"c(-395771.77758416, -395757.655165879, -395757.584026791, -395758.108519538, -395758.471851537, -395777.052000813, -395804.570734087, -395832.254094493, -395853.424177467, -395857.295117664, -395870.912109687, -395873.433846564, -395875.955583317, -395866.223828317, -395860.732107805, -395847.319771077, -395845.282823525, -395843.2458759, -395855.406204604, -395835.630852938, -395807.707747657, -395781.182117611, -395759.968983146, -395752.602018954, -395735.522430783, -395720.320037804, -395721.444915031, 
-395722.569792318, -395744.665394324, -395751.842272457, -395766.696472064, -395769.237028171, -395771.77758416, 186321.089090967, 186347.559412397, 186348.686604629, 186349.683742556, 186350.2471267, 186359.897545524, 186374.918951474, 186389.654702269, 186401.121948754, 186400.084640615, 186374.581981295, 186375.941510879, 186377.301040604, 186395.747253436, 186406.581819486, 186433.042923236, 186431.925959725, 186430.808996323, 186408.650493981, 186397.839706692, 186383.096373667, 186368.702653295, 
186357.165186957, 186353.179044383, 186343.937568106, 186334.771823709, 186333.330118636, 186331.888413615, 186343.988049848, 186347.654958459, 186318.343474272, 186319.716282554, 186321.089090967)"
RPP-H-1000003,Rosemont - La Petite-Patrie,55.74176191920732,42,-397260.4758036203,-397251.70706986147,-397260.0200956764,184648.8400977694,184654.97360959247,184643.79222691443,"c(-397268.983778826, -397255.134502223, -397253.993631106, -397252.777449978, -397251.561268806, -397252.653802347, -397266.082056736, -397267.532917812, -397268.983778826, 184637.803302072, 184655.768991056, 184657.162571076, 184656.155866267, 184655.149161476, 184653.833695547, 184635.528777564, 184636.666039802, 184637.803302072)"
RPP-H-1000005,Rosemont - La Petite-Patrie,537.3451137272623,43,-396466.09248419397,-396575.80746538396,-396518.2486344293,185499.64520888438,185528.23703096402,185529.88374312816,"c(-396398.48089302, -396387.811701079, -396386.227539658, -396384.643378188, -396393.306645375, -396396.293187642, -396397.898556895, -396399.503926103, -396400.526959231, -396409.537252208, -396423.968679734, -396437.41879805, -396457.093120008, -396474.550870156, -396493.479753591, -396509.161532044, -396526.718795039, -396554.413708996, -396564.848556984, -396575.911274605, -396577.619854661, -396579.328434661, -396567.341909006, -396563.962403418, -396555.307216425, -396553.880547943, -396552.45387942, 
-396563.069538613, -396535.631427824, -396523.350417861, -396499.084768198, -396466.332962368, -396442.720609067, -396420.699308687, -396398.48089302, 185469.045751161, 185491.183450577, 185490.319596941, 185489.455743351, 185471.231941853, 185465.587003417, 185466.433763888, 185467.280524448, 185465.515297796, 185470.348818519, 185477.769918089, 185484.820472851, 185495.060680332, 185503.954147955, 185513.641849461, 185521.588645817, 185530.438105044, 185544.435560108, 185549.338391933, 185528.037146471, 
185528.903425079, 185529.769703759, 185553.095962643, 185559.672620876, 185576.339922692, 185575.616029714, 185574.892136799, 185553.187547842, 185538.999378463, 185532.474061663, 185520.153710765, 185503.593254715, 185491.306817071, 185480.071302874, 185469.045751161)"
RPP-H-1000006,Rosemont - La Petite-Patrie,511.4960495489069,44,-396142.8298129411,-396029.1920076488,-396091.72216822946,185639.67789397534,185581.05524821818,185609.04406492994,"c(-396205.444493381, -396204.657421149, -396206.329055529, -396208.000689859, -396196.02183035, -396192.855856391, -396203.870348961, -396193.266644952, -396173.294594765, -396151.591751005, -396129.240239078, -396108.366670389, -396092.809658382, -396063.83168117, -396043.521178158, -396025.75717274, -396004.296413441, -396005.196711787, -396006.097010179, -396029.825210897, -396047.92192148, -396064.275240846, -396083.676148024, -396098.403968141, -396119.287107873, -396149.211693175, -396165.669781615, 
-396184.770501471, -396205.444493381, 185667.504376567, 185669.311294177, 185670.179421461, 185671.047548803, 185694.043922624, 185692.431543992, 185671.118211854, 185665.572702413, 185655.253605346, 185644.235538202, 185632.60908769, 185621.791154576, 185614.165505498, 185598.86825269, 185588.27094836, 185579.325578052, 185568.769983642, 185567.018153158, 185565.266322759, 185577.624295037, 185586.509791054, 185595.155541278, 185604.949949196, 185612.444014403, 185623.125560359, 185638.55777006, 
185647.387117284, 185656.84724959, 185667.504376567)"
RPP-H-1000008,Rosemont - La Petite-Patrie,72.51664669358297,45,-396744.77030796715,-396734.0128929579,-396742.4629378242,187990.64800735906,187998.79756500362,187982.75813718536,"c(-396753.381855528, -396738.886470985, -396736.415057681, -396733.943644264, -396746.808031545, -396748.158036819, -396750.769946235, -396753.381855528, 187974.694708277, 188001.548093606, 188000.238551341, 187998.929009208, 187974.510510315, 187971.941574988, 187973.318141567, 187974.694708277)"
RPP-H-1000012,Rosemont - La Petite-Patrie,148.0862096501864,46,-394864.5354158258,-394847.21634151647,-394862.345341338,185334.33419731908,185362.20110546774,185328.50095541042,"c(-394879.827600047, -394869.766603975, -394867.696368151, -394866.256077417, -394865.626132574, -394851.01415064, -394849.077703403, -394847.1412561, -394856.999529013, -394862.214397188, -394863.591544563, -394875.980253311, -394877.821510217, -394879.662767067, -394879.745183563, -394879.827600047, 185300.618992645, 185322.980874533, 185327.454538332, 185330.566926618, 185331.928202593, 185364.160541121, 185363.161453532, 185362.162366019, 185340.689817547, 185328.799518008, 185325.659517498, 
185298.737243654, 185299.63612237, 185300.535001172, 185300.576996899, 185300.618992645)"
RPP-H-1000014,Rosemont - La Petite-Patrie,488.300823367469,47,-396654.4596349656,-396546.3925432242,-396651.6214028269,187347.13986939043,187290.36530252185,187340.962366315,"c(-396759.230137862, -396757.625534907, -396756.020932082, -396756.133837607, -396756.059873001, -396755.689261182, -396730.857816457, -396697.606786618, -396667.677006457, -396654.929771731, -396627.766675177, -396601.135784701, -396573.504719731, -396546.355386879, -396547.152347712, -396547.949308586, -396578.439946631, -396601.746868285, -396627.006246081, -396664.653420434, -396699.275192746, -396733.706399619, -396757.3279769, -396758.035110093, -396758.426871606, -396759.230137862, 187397.005831141, 
187399.502186741, 187401.998542504, 187401.249963045, 187400.772933952, 187400.45145947, 187387.403408805, 187369.88768497, 187354.094778707, 187347.389696672, 187332.955423339, 187318.785471155, 187304.288092196, 187290.346221797, 187288.150718795, 187285.955215884, 187302.299394999, 187314.510494858, 187327.863922011, 187347.897083756, 187366.199279369, 187385.234668545, 187397.586409304, 187397.745369845, 187397.635965447, 187397.005831141)"
RPP-H-1000015,Rosemont - La Petite-Patrie,416.6922540735611,48,-396677.47872890695,-396713.86844285525,-396621.12249126984,185682.9257366457,185705.52420683834,185658.0897291179,"c(-396617.86139807, -396606.358853797, -396648.102912846, -396686.220801533, -396716.345710609, -396715.288138526, -396717.061173361, -396718.834208151, -396706.334375331, -396704.859993193, -396703.385611012, -396714.509958019, -396703.295578014, -396672.923379898, -396637.910808949, -396604.38429426, -396593.407643386, -396592.327988235, -396591.248333067, -396590.716712484, -396590.185091897, -396601.62305946, -396602.091755747, -396614.350114855, -396616.105756498, -396617.86139807, 185624.83360645, 
185645.876586539, 185667.620136402, 185687.480594582, 185702.043012352, 185704.058907406, 185705.019152033, 185705.979396708, 185728.989328551, 185728.240428708, 185727.491528888, 185705.84934237, 185700.165621063, 185684.405358444, 185666.608854484, 185649.596037167, 185671.629344415, 185671.080946408, 185670.53254843, 185670.261055216, 185669.989562008, 185646.987354017, 185646.068448591, 185622.733195036, 185623.783400718, 185624.83360645)"
RPP-H-1000016,Rosemont - La Petite-Patrie,462.18911552985173,49,-396781.95263430773,-396796.1997149282,-396724.1459143417,185509.9142632006,185547.40624141323,185484.43390003341,"c(-396709.71918658, -396700.298921844, -396701.305806428, -396722.126531441, -396747.180665536, -396789.2505744, -396807.412162004, -396808.521643205, -396809.200795354, -396819.383652668, -396819.548641225, -396819.713629779, -396821.410819702, -396823.108009582, -396811.029802374, -396809.669338017, -396799.115674955, -396797.353673578, -396795.591672143, -396806.497343482, -396805.888860641, -396780.760975993, -396731.338039941, -396696.966366838, -396686.090445237, -396685.957890929, -396685.825336626, 
-396684.22997904, -396682.634621412, -396693.320300633, -396694.255554483, -396695.05368228, -396706.284252569, -396708.001719596, -396709.71918658, 185445.799846312, 185464.359373998, 185468.134774902, 185478.991828055, 185491.943027646, 185513.68606575, 185522.854928501, 185522.879743575, 185522.605732422, 185501.776365426, 185501.860576677, 185501.944787921, 185502.796302685, 185503.647817524, 185526.777863182, 185529.383185574, 185550.367451872, 185549.47046714, 185548.573482485, 185527.638199955, 
185526.417969021, 185513.52172482, 185488.145173775, 185470.408736046, 185492.610459273, 185492.542955179, 185492.475451101, 185491.639815813, 185490.80418057, 185468.847455846, 185467.053951668, 185465.523409536, 185443.986945352, 185444.893395803, 185445.799846312)"
RPP-H-1000024,Rosemont - La Petite-Patrie,63.747730533622686,50,-395897.00971378,-395888.2720915424,-395895.4292705506,186496.0912256011,186505.35641258128,186491.24763345404,"c(-395904.207824078, -395892.404698414, -395891.736672144, -395889.953354059, -395888.17003592, -395901.134410205, -395902.671117164, -395904.207824078, 186481.87246933, 186505.187722933, 186506.981733522, 186506.145134603, 186505.308535753, 186480.196962774, 186481.034716024, 186481.87246933)"
RPP-H-1000042,Rosemont - La Petite-Patrie,112.0945096935954,51,-396694.7189558441,-396680.9015741473,-396693.2763587803,185920.75146764505,185941.27933211706,185916.49279015994,"c(-396707.392954808, -396696.057671733, -396695.188160082, -396694.31864848, -396683.959608849, -396682.284203452, -396680.615429433, -396691.389469326, -396692.383507471, -396704.622246492, -396706.007600671, -396707.392954808, 185895.765479922, 185917.66132671, 185919.668409374, 185921.675492123, 185942.854544088, 185941.991532707, 185941.13193727, 185920.179210244, 185918.23715512, 185894.326312076, 185895.045895987, 185895.765479922)"
RPP-H-1000043,Rosemont - La Petite-Patrie,480.8142498379525,52,-396394.82794694894,-396385.8948679673,-396492.83582547767,185617.83481797465,185608.9200597516,185663.79982595058,"c(-396501.740227813, -396491.745994283, -396476.018080929, -396450.488009854, -396428.670310975, -396406.661145393, -396382.842204241, -396360.3107274, -396337.760252211, -396338.736454714, -396339.712657258, -396373.941608671, -396388.844305558, -396406.871037604, -396428.033202138, -396449.55176357, -396473.230115369, -396497.28101566, -396503.443981898, -396514.378217621, -396516.200877803, -396518.023537938, -396507.177326153, -396506.185800627, -396494.313274848, -396492.482446132, -396490.651617374, 
-396500.557625815, -396501.740227813, 185672.755255642, 185667.188809896, 185659.414007011, 185646.130299307, 185634.93275342, 185623.878419808, 185611.713306791, 185600.206305069, 185588.919662794, 185587.019156849, 185585.118650988, 185602.722596866, 185610.44926861, 185619.422977517, 185630.320002286, 185641.658090685, 185653.730165787, 185666.082913595, 185669.021338255, 185647.375542159, 185648.310518316, 185649.24549453, 185670.643217058, 185672.654566834, 185695.63748746, 185694.770407607, 
185693.903327815, 185675.075624726, 185672.755255642)"
RPP-H-1000057,Rosemont - La Petite-Patrie,416.9487042330812,53,-396707.6826031988,-396745.0832185813,-396652.80921035085,185622.48219902813,185646.40207012475,185598.93732480938,"c(-396648.043939843, -396636.240377958, -396660.57434331, -396691.469990921, -396722.90766563, -396747.046106842, -396746.17202932, -396748.00620454, -396749.840379708, -396741.702214381, -396737.62539135, -396735.865552684, -396734.105713954, -396745.297951827, -396720.871474611, -396678.141893669, -396646.549623811, -396634.626247964, -396624.495647634, -396622.680169483, -396620.864691273, -396632.631769504, -396644.707772013, -396645.985592943, -396647.263413847, -396647.653676849, -396648.043939843, 
185565.274671914, 185586.392177096, 185598.25565489, 185614.073766575, 185630.378453306, 185643.151997672, 185644.568695799, 185645.513221464, 185646.457747218, 185662.213536636, 185669.490625341, 185668.59692051, 185667.703215756, 185645.985393994, 185633.340004542, 185611.733556037, 185595.77543644, 185590.258897047, 185611.976447319, 185611.028311508, 185610.080175779, 185586.935576258, 185563.559688014, 185564.217239086, 185564.874790187, 185565.074731062, 185565.274671914)"
RPP-H-1000058,Rosemont - La Petite-Patrie,560.8255222357828,54,-396197.3202651834,-396233.04496761895,-396142.41740268003,186141.10800592537,186191.8803750571,186117.50048981936,"c(-396106.33805958, -396094.97454573, -396118.953949825, -396150.21859369, -396186.479393881, -396220.535980323, -396246.006286076, -396257.162459573, -396258.776391797, -396260.390323981, -396260.422568033, -396260.454812094, -396248.072536035, -396247.935128521, -396235.500482706, -396232.575570318, -396244.321164077, -396207.097927684, -396171.55819175, -396140.667596864, -396093.434591104, -396090.944416747, -396081.665832424, -396080.562704535, -396079.039031608, -396090.969193796, -396103.495761892, 
-396104.916910755, -396106.33805958, 186066.585443254, 186089.50895877, 186101.188738849, 186117.098158559, 186135.678515139, 186152.735255057, 186165.590691329, 186143.257334115, 186144.046574168, 186144.835814285, 186144.852441925, 186144.869069548, 186168.814017885, 186169.079737843, 186193.125989174, 186191.642262936, 186169.037956224, 186151.069867755, 186132.72222176, 186116.586476303, 186093.246443395, 186094.800578258, 186114.955378328, 186114.394450735, 186113.617501036, 186089.792363563, 
186065.147699253, 186065.866571234, 186066.585443254)"
RPP-H-1000059,Rosemont - La Petite-Patrie,588.2331086467126,55,-396418.31547722523,-396460.1026728297,-396362.0593896748,185700.65470811096,185753.42716926587,185676.04916558857,"c(-396320.346895941, -396309.159193779, -396328.977471174, -396353.016493865, -396378.591211007, -396400.497513868, -396421.480258644, -396440.481128447, -396458.522455984, -396473.011960956, -396474.570999093, -396484.180238532, -396485.878787556, -396487.57733653, -396479.573625101, -396475.365808401, -396468.581173293, -396463.313657021, -396461.637272667, -396459.96088826, -396467.243399756, -396471.447464744, -396452.05964475, -396434.371029519, -396419.097858597, -396394.466107691, -396375.397683986, 
-396352.57111298, -396307.116285829, -396296.064893807, -396294.166509923, -396292.268125979, -396304.374219388, -396316.557422756, -396318.217478542, -396319.877534279, -396320.112215116, -396320.346895941, 185623.069764558, 185644.782432545, 185655.140145349, 185667.452840204, 185681.008851467, 185691.781863219, 185702.230680296, 185712.344697193, 185721.319462243, 185728.645186738, 185725.641480378, 185706.570077263, 185707.43366498, 185708.297252764, 185724.005039528, 185732.030853323, 185744.971589912, 
185755.40972737, 185754.549003438, 185753.688279571, 185740.27681454, 185732.138041669, 185722.158394968, 185712.978319382, 185704.941739066, 185692.621694454, 185683.051170726, 185671.068246694, 185648.745446985, 185670.195635748, 185669.21815664, 185668.240677615, 185644.745873807, 185621.099779504, 185621.962755865, 185622.825732291, 185622.947748417, 185623.069764558)"
RPP-H-1000060,Rosemont - La Petite-Patrie,584.9355894565505,56,-396571.12251713633,-396614.20171584876,-396515.77881127235,185402.23688464687,185455.20383620597,185378.1485555771,"c(-396473.361763482, -396462.29227515, -396481.624012347, -396497.701977065, -396520.724672696, -396540.399702833, -396557.678160112, -396579.142755097, -396598.948734223, -396617.241263538, -396626.115767255, -396637.449531967, -396639.107290116, -396640.765048213, -396628.810630885, -396616.770524062, -396615.328146551, -396613.885769, -396624.921287939, -396607.431523979, -396585.282474128, -396565.033137503, -396550.393348112, -396525.814492741, -396502.737216465, -396481.536171758, -396465.865344108, 
-396460.302339327, -396449.329571563, -396447.51492948, -396445.700287348, -396455.009556267, -396457.403935548, -396469.683917505, -396471.522840523, -396473.361763482, 185325.261356054, 185346.52175029, 185356.279743587, 185364.532261901, 185376.444100933, 185386.674219413, 185395.362817859, 185406.337612655, 185416.962172308, 185425.911935695, 185430.49787914, 185408.988239766, 185409.828902157, 185410.669564604, 185434.021936015, 185457.292182818, 185456.556125888, 185455.820068993, 185434.296041732, 
185425.349644575, 185413.973555837, 185403.593091608, 185396.02093616, 185383.370006712, 185371.363161858, 185360.700430804, 185352.967490779, 185350.386246304, 185371.546379017, 185370.616538539, 185369.68669811, 185351.379643793, 185346.529152389, 185323.382435789, 185324.321895884, 185325.261356054)"
RPP-H-1000064,Rosemont - La Petite-Patrie,476.97894938934843,57,-395907.0830236899,-395912.57760089566,-395845.71809438773,186247.4497520227,186288.88841980236,186221.0877994636,"c(-395843.691122448, -395829.835829571, -395857.39291037, -395886.717424262, -395917.62159406, -395918.554999484, -395919.538585775, -395920.195189784, -395920.950089284, -395933.504149024, -395936.167110511, -395938.830071862, -395925.212977536, -395927.390761433, -395926.64643636, -395914.756258586, -395914.689206361, -395914.622154146, -395912.973016568, -395911.32387895, -395924.065889719, -395920.175751726, -395905.471254386, -395870.233295565, -395845.933130033, -395828.487648479, -395815.988228841, 
-395814.162249234, -395812.336269565, -395824.941797665, -395825.064569581, -395840.472820739, -395842.081971622, -395843.691122448, 186178.998770999, 186208.799648835, 186222.19306253, 186236.974083449, 186252.870587821, 186252.902273066, 186252.762123307, 186252.406086354, 186252.037003169, 186226.727904093, 186228.150193215, 186229.572482502, 186255.641285843, 186260.94897523, 186266.387136594, 186290.050913864, 186290.013888406, 186289.976862944, 186289.098924199, 186288.220985506, 186261.375211037, 
186259.318327196, 186251.543429036, 186233.038324769, 186221.190436476, 186212.863667631, 186237.466933925, 186236.492336492, 186235.517739125, 186210.304181869, 186208.836487956, 186177.288321002, 186178.143545981, 186178.998770999)"
RPP-H-1000065,Rosemont - La Petite-Patrie,538.9023826228209,58,-396529.6294211141,-396593.16079104895,-396473.0850356794,185456.589826934,185492.89419632417,185431.7992593052,"c(-396442.773852429, -396431.78768131, -396462.943589644, -396496.637613171, -396523.074039, -396568.547311737, -396595.635957739, -396594.799262783, -396596.290981849, -396597.782700868, -396585.88407456, -396584.352274255, -396582.820473907, -396593.962567876, -396570.414458051, -396544.953915722, -396506.451947778, -396475.766095472, -396445.349524638, -396429.881942763, -396418.30053095, -396416.866956293, -396415.4333816, -396427.528711742, -396428.686196535, -396439.091923933, -396440.932888209, 
-396442.773852429, 185384.215207172, 185406.410067347, 185422.218577463, 185439.730382369, 185453.323348283, 185475.982206606, 185489.700350601, 185491.500839836, 185492.242966704, 185492.985093628, 185516.830096579, 185515.982876774, 185515.135657001, 185493.301329125, 185481.343877157, 185468.202244762, 185448.732677116, 185433.189199028, 185417.420360096, 185409.38656072, 185431.805310251, 185431.118252716, 185430.431195229, 185406.249626425, 185403.935528442, 185382.404552799, 185383.30987995, 
185384.215207172)"
RPP-H-1000066,Rosemont - La Petite-Patrie,463.0073263434393,59,-396626.6244109366,-396642.6077951801,-396571.9000886269,185807.36385006274,185846.65554119673,185783.57862280626,"c(-396556.312929515, -396545.430980306, -396558.813670484, -396585.976504512, -396615.873645244, -396654.803681365, -396666.119208446, -396667.874139443, -396669.629070377, -396657.64020206, -396657.559389054, -396645.65134154, -396643.915152266, -396642.17896294, -396653.145094306, -396626.31617734, -396581.203438066, -396543.696696347, -396532.781371114, -396530.940065656, -396529.098760134, -396541.050288308, -396553.002057341, -396554.657493457, -396556.312929515, 185743.736066259, 185765.650404192, 
185772.477107858, 185786.784784721, 185801.891390235, 185821.707937714, 185799.932867418, 185800.915083374, 185801.897299392, 185825.053927451, 185825.210018728, 185848.210567985, 185847.32350381, 185846.436439693, 185825.011154244, 185811.025593014, 185788.25058309, 185769.415430348, 185790.642068651, 185789.703763703, 185788.765458832, 185765.230419049, 185742.051040541, 185742.893553377, 185743.736066259)"
RPP-H-1000067,Rosemont - La Petite-Patrie,462.09567514689905,60,-396657.5509225659,-396672.8129571774,-396602.6752746239,185747.5788714174,185786.51969724635,185723.3155652448,"c(-396587.073461225, -396576.380456644, -396576.350696871, -396576.662866234, -396593.313030644, -396627.486752353, -396655.754227152, -396685.607961854, -396696.669569892, -396698.26078542, -396699.852000898, -396692.482878048, -396688.367407436, -396676.33301101, -396674.523690892, -396672.714370708, -396684.112523114, -396671.846965009, -396632.983278405, -396596.120076468, -396574.389394444, -396562.918334889, -396561.41047238, -396559.902609826, -396568.54841273, -396571.811643703, -396583.685634379, 
-396585.379547828, -396587.073461225, 185684.215961025, 185704.621082294, 185705.61324225, 185706.132264055, 185714.677558551, 185732.237075394, 185746.677943134, 185761.647689111, 185740.53955954, 185741.351037784, 185742.162516068, 185757.418688698, 185765.435268873, 185788.877249341, 185787.78959053, 185786.701931811, 185765.632738828, 185759.323830412, 185739.264639341, 185719.866003147, 185709.492832728, 185730.93555158, 185730.022071499, 185729.108591468, 185711.339924296, 185705.229254958, 
185682.452833822, 185683.334397408, 185684.215961025)"
RPP-H-1000088,Rosemont - La Petite-Patrie,464.5146608577983,61,-396749.688160369,-396765.1133739384,-396694.32149859774,185568.13327999107,185607.89603860438,185544.8642634606,"c(-396679.10291072, -396667.882290959, -396695.589546812, -396757.079363123, -396778.076055108, -396789.136716424, -396790.859840455, -396792.582964438, -396780.340213288, -396776.187945554, -396768.128683967, -396766.555792445, -396764.982950726, -396776.305592527, -396752.06063431, -396713.112732615, -396683.872620035, -396666.244450322, -396655.448803102, -396654.491018495, -396653.533233874, -396652.64399795, -396651.754762016, -396663.559540725, -396663.598580733, -396663.637141647, -396675.779776378, 
-396677.441343571, -396679.10291072, 185504.986883375, 185526.671378214, 185540.74744696, 185571.874859141, 185582.263801931, 185561.114940476, 185561.995024533, 185562.875108623, 185586.007704536, 185593.853392791, 185609.747471772, 185608.946825369, 185608.146204405, 185586.428155175, 185574.024513161, 185554.35223245, 185539.588471797, 185530.517412739, 185552.024839976, 185551.534107128, 185551.043374302, 185550.586076663, 185550.128779043, 185526.939657448, 185526.862967894, 185526.786035189, 
185503.283538532, 185504.135210924, 185504.986883375)"
RPP-H-1000089,Rosemont - La Petite-Patrie,561.9024141484763,62,-397307.9062546308,-397339.57314583275,-397259.7325921505,184778.14870607376,184835.95078248315,184746.15604954708,"c(-397229.697498713, -397215.093063943, -397217.487657242, -397238.090001288, -397259.003700255, -397280.060487455, -397306.185390255, -397325.231664376, -397336.307230188, -397336.951170318, -397337.737210308, -397351.34869448, -397352.740292611, -397354.131890684, -397341.291659054, -397341.43273428, -397355.541440443, -397358.368703353, -397341.39198334, -397338.871328665, -397353.19908584, -397336.472664064, -397335.420524174, -397320.928435327, -397306.033764937, -397280.800687843, -397265.26440215, 
-397237.645663687, -397222.459533484, -397213.950307757, -397213.480464517, -397213.230898547, -397212.872451085, -397212.447030223, -397212.183821111, -397198.610544577, -397195.800581175, -397207.3958205, -397210.720563429, -397226.67698929, -397228.187244033, -397229.697498713, 184688.627481197, 184707.324761356, 184709.220906318, 184724.813259215, 184740.922517038, 184756.800079342, 184776.802782636, 184791.699265533, 184800.507123043, 184800.529183431, 184800.639140666, 184782.547708381, 184783.622930088, 
184784.698151853, 184801.988618735, 184803.537089285, 184814.829098217, 184817.091920518, 184838.841140174, 184836.888434912, 184817.746047218, 184805.210382562, 184804.421853741, 184793.218832679, 184781.842187968, 184762.52186233, 184750.326613263, 184729.504186512, 184717.607054792, 184711.237648198, 184711.113758319, 184711.08774914, 184711.069437773, 184711.248423028, 184711.433002524, 184729.294014512, 184727.124199224, 184711.566240236, 184707.176282942, 184686.276887082, 184687.452184119, 
184688.627481197)"
RPP-H-1000095,Rosemont - La Petite-Patrie,481.3943133017091,63,-395945.2185057077,-396040.64262379013,-395996.5272159943,186534.1463491152,186556.44944235965,186566.7401230594,"c(-395891.06864591, -395878.750947892, -395877.434783272, -395876.118618628, -395886.130432296, -395888.17003592, -395889.953354059, -395891.736672144, -395892.404698414, -395917.372941033, -395937.444957981, -395964.034015126, -395984.92683819, -396010.785566334, -396028.183183365, -396040.549034759, -396042.330541146, -396044.11204748, -396032.101416662, -396030.737166227, -396018.089111824, -396016.249377566, -396014.412588775, -396018.938541523, -396025.842226312, -396012.420858985, -395992.358623815, 
-395971.102480473, -395952.438448928, -395934.403810158, -395918.709125954, -395901.208929426, -395891.06864591, 186508.775744191, 186530.302041826, 186529.581047035, 186528.860052302, 186509.643564517, 186505.308535753, 186506.145134603, 186506.981733522, 186505.187722933, 186518.780406718, 186529.76432533, 186544.752833144, 186555.70650173, 186569.637928652, 186579.118085914, 186556.398249028, 186557.372735523, 186558.3472221, 186580.747620346, 186583.238324913, 186606.329824352, 186605.336407214, 
186604.344580678, 186596.36428113, 186583.290726668, 186575.320349899, 186564.489697117, 186552.827839902, 186543.023933822, 186532.87197119, 186524.359625036, 186514.257250233, 186508.775744191)"
RPP-H-1000100,Rosemont - La Petite-Patrie,597.8966539862071,64,-396289.68118079146,-396327.5311507993,-396229.5746902202,187314.66801558263,187368.33320527058,187288.14424217853,"c(-396190.966432411, -396179.85652301, -396179.639894748, -396179.918451959, -396206.238609318, -396236.300533855, -396273.296123921, -396310.828622958, -396341.554893372, -396353.435552622, -396355.354978964, -396357.274405238, -396344.347696635, -396344.283280687, -396331.292165154, -396329.43028619, -396327.568407166, -396327.414871818, -396327.261336467, -396339.469563744, -396308.832973034, -396282.122269669, -396249.507863842, -396212.774675135, -396179.357636735, -396178.458432312, -396177.667812061, 
-396176.882560066, -396176.510113561, -396165.333697924, -396163.348346037, -396161.362994084, -396174.396572988, -396174.548796199, -396187.213703925, -396187.240079415, -396187.266454904, -396189.051022495, -396190.835590022, -396190.901011217, -396190.966432411, 187234.017367024, 187255.293943889, 187255.949181015, 187256.343277078, 187270.697515482, 187286.550294354, 187306.022938892, 187325.825819965, 187342.230500777, 187319.628416429, 187320.641435393, 187321.65445445, 187346.184323559, 187346.306560086, 
187370.958679978, 187369.978114353, 187368.997548799, 187368.916532614, 187368.835516446, 187346.107557804, 187330.033597607, 187315.744489643, 187298.695979789, 187279.251059668, 187260.829721306, 187260.597043788, 187260.564434152, 187260.75542804, 187261.308911396, 187283.397826757, 187282.348397306, 187281.298967935, 187256.792288422, 187256.489757968, 187232.045557864, 187232.059407217, 187232.073256563, 187233.010959988, 187233.948663463, 187233.983015242, 187234.017367024)"
RPP-H-1000109,Rosemont - La Petite-Patrie,586.513795612909,65,-396356.3298452159,-396398.65641853766,-396300.9921793764,185819.47388736575,185872.9001175053,185795.79571077094,"c(-396258.850736423, -396247.321591201, -396257.551794577, -396287.396641424, -396315.166384099, -396340.906465357, -396372.966331429, -396394.31733411, -396411.773493746, -396422.818065518, -396425.960524722, -396426.091722741, -396426.222920758, -396416.246726412, -396414.473763306, -396402.151364404, -396401.988238661, -396401.825112925, -396400.248816226, -396398.672519494, -396398.566232228, -396398.459944968, -396403.202821571, -396409.946655624, -396400.239316094, -396369.254566554, -396328.818388448, 
-396316.523455125, -396300.245169845, -396276.432094428, -396257.644386968, -396245.81269206, -396234.603784874, -396232.866984139, -396231.13018334, -396243.242713456, -396243.265274886, -396255.400374387, -396257.125555431, -396258.850736423, 185742.750131123, 185764.313572572, 185769.172110507, 185784.481365476, 185798.827659802, 185811.563173306, 185828.006808593, 185838.936684597, 185847.376035836, 185826.574619993, 185828.171603103, 185828.23832643, 185828.305049752, 185847.807215264, 185851.243332188, 
185875.124953227, 185875.041434439, 185874.957915653, 185874.155880975, 185873.35384634, 185873.299547663, 185873.245248989, 185864.913766862, 185851.392665005, 185846.629505809, 185830.236789108, 185809.696062504, 185803.796938877, 185795.410874795, 185783.162971777, 185773.225477227, 185767.92176317, 185789.529092092, 185788.623338976, 185787.717585926, 185764.396244833, 185764.352805314, 185740.988037436, 185741.869084256, 185742.750131123)"
RPP-H-1000110,Rosemont - La Petite-Patrie,555.8943095074806,66,-396255.0772510276,-396296.85732985026,-396202.550276101,186014.9326748213,186066.54553231294,185992.83915804085,"c(-396161.691433652, -396151.31362255, -396163.84795679, -396219.64398367, -396282.614857211, -396308.855278468, -396319.208137317, -396320.675068949, -396322.14200054, -396310.550387985, -396299.504362097, -396298.128093846, -396296.751825572, -396296.465383893, -396305.785633764, -396305.773870406, -396305.608422291, -396302.612834849, -396300.315603698, -396277.421112354, -396250.483423083, -396221.888522786, -396193.532875877, -396173.735375049, -396149.3006162, -396139.150269811, -396136.274252873, 
-396136.221014639, -396136.167776397, -396146.183263964, -396147.431687484, -396158.697206012, -396160.194319851, -396161.691433652, 185942.043851369, 185961.985123032, 185968.576027186, 185996.748598529, 186029.064759416, 186042.394833276, 186022.214209881, 186022.962605041, 186023.711000231, 186046.797588485, 186067.891886722, 186067.191878293, 186066.491869897, 186066.346206869, 186047.994519294, 186047.295637319, 186046.684668179, 186043.217491603, 186042.235996847, 186030.980995309, 186017.475895199, 
186002.845856484, 185988.173047082, 185978.160229264, 185965.798092359, 185986.249814664, 185984.793940525, 185984.766989246, 185984.740037982, 185964.938948169, 185962.452299703, 185940.455142419, 185941.249496864, 185942.043851369)"
RPP-H-1000111,Rosemont - La Petite-Patrie,442.92800451797757,67,-396036.0082591815,-396034.62386492704,-395977.4380405806,186406.51248983794,186444.25611748692,186379.3879899339,"c(-395977.004965545, -395980.137139044, -395967.059221883, -395967.019433502, -395967.103662471, -395967.793108302, -396005.82593385, -396047.34471032, -396061.267633945, -396065.158517701, -396050.142606337, -396050.097184985, -396035.179515103, -396033.168529548, -396031.157543916, -396045.130623841, -396044.771261229, -396013.341301968, -395987.606998337, -395964.530472426, -395950.126163222, -395948.485641656, -395946.845120038, -395960.994089732, -395962.340078432, -395977.004965545, 186341.875595185, 
186343.546904555, 186367.668419789, 186368.278702311, 186368.780333929, 186369.564639212, 186390.188027605, 186412.643941489, 186386.684102647, 186388.751235907, 186416.703124685, 186416.7876759, 186444.556730025, 186443.468765876, 186442.380801807, 186416.797113203, 186415.732757959, 186398.905898783, 186384.843638658, 186372.463075954, 186398.500057355, 186397.61493824, 186396.729819191, 186370.553665847, 186368.1427805, 186341.875595185)"
RPP-I-1000018,Rosemont - La Petite-Patrie,125.80798437587706,68,-396016.1220766835,-395999.73832192586,-396014.81227711326,187505.34634605973,187528.53370216908,187500.92928344122,"c(-396031.220226619, -396016.907268025, -396002.594320065, -396001.159343301, -395999.724366509, -396014.015849422, -396028.307342959, -396029.763784813, -396031.220226619, 187477.755153138, 187503.911442183, 187530.067747574, 187529.313502881, 187528.559258249, 187502.38775235, 187476.216262827, 187476.985707953, 187477.755153138)"
RPP-I-1000039,Rosemont - La Petite-Patrie,552.8491078477034,69,-398240.7048203197,-398190.2415340329,-398301.19078046735,184558.15743023035,184515.70910663385,184598.117683057,"c(-398352.060446193, -398248.32097756, -398213.418197126, -398184.035946514, -398160.25468332, -398160.389750555, -398161.622177662, -398162.854604824, -398188.285769916, -398215.282297369, -398241.268887213, -398265.414872117, -398289.274863811, -398316.037196615, -398354.553268168, -398357.548386767, -398382.015626141, -398380.852699001, -398379.689771912, -398352.060446193, 184640.020373262, 184564.07525818, 184536.955459699, 184515.509554362, 184499.073301316, 184498.883868959, 184497.221679785, 
184495.559490695, 184514.280113503, 184534.005320617, 184553.943798001, 184571.697289818, 184589.471486828, 184608.890251464, 184636.635815412, 184638.793391567, 184657.119556897, 184658.683380338, 184660.247203849, 184640.020373262)"
RPP-I-1000052,Rosemont - La Petite-Patrie,595.1411025316792,70,-397812.18278232176,-397694.7371908958,-397811.48398649524,185171.8158219819,185080.9604136556,185166.74761021216,"c(-397929.645535996, -397928.548348948, -397927.451161943, -397896.003121954, -397865.940561335, -397834.728366638, -397804.363658036, -397768.43398212, -397732.628603517, -397705.834009629, -397694.558196961, -397695.767738209, -397696.97727952, -397724.672879941, -397772.547018754, -397809.746192022, -397862.199867917, -397878.477491092, -397881.351807322, -397908.42435875, -397929.645535996, 185256.529026746, 185258.105909042, 185259.682791428, 185235.739156936, 185212.5033259, 185189.249460421, 
185165.769592096, 185138.100548556, 185110.894914698, 185089.803494472, 185081.208195933, 185079.533821408, 185077.859446973, 185099.137245057, 185136.163798596, 185165.423875469, 185205.379551621, 185218.095196808, 185218.508737808, 185240.455889395, 185256.529026746)"
RPP-I-1000073,Rosemont - La Petite-Patrie,554.1404608327946,71,-398325.4910867257,-398213.6745329938,-398324.61596918217,184507.66964209045,184425.89416607283,184501.2524464091,"c(-398435.809851798, -398434.485441737, -398433.161031756, -398411.503604926, -398368.256845571, -398338.27239558, -398308.72113374, -398271.139066539, -398250.400671088, -398213.619117372, -398214.844346322, -398216.069575338, -398240.455404788, -398277.018069809, -398312.916261497, -398349.016272377, -398393.88071491, -398435.809851798, 184583.881173612, 184585.695304819, 184587.509436107, 184571.433954652, 184539.15500116, 184517.202599609, 184495.161748633, 184467.648254055, 184452.06520148, 
184425.854676916, 184424.104089099, 184422.353501382, 184439.721410687, 184466.544050418, 184492.65498008, 184519.182876021, 184552.356776122, 184583.881173612)"
RPP-I-1000074,Rosemont - La Petite-Patrie,553.6074185772507,72,-398693.4898158841,-398582.99573196296,-398692.50509380957,184016.90486861352,183933.67177505846,184010.07839359008,"c(-398803.294403267, -398801.819422063, -398800.344440937, -398758.283379567, -398724.677852093, -398692.28878536, -398617.505319024, -398582.956423161, -398584.455163193, -398585.953903314, -398618.829854893, -398669.571320878, -398704.679745149, -398762.425100398, -398803.294403267, 184093.02452227, 184094.97920429, 184096.933886416, 184065.360189929, 184039.781690975, 184016.023897405, 183960.017870772, 183933.724361584, 183931.719377252, 183929.714393075, 183954.239736681, 183992.542970118, 184019.387270394, 
184062.915280763, 184093.02452227)"
RPP-I-1000077,Rosemont - La Petite-Patrie,96.15136864877049,73,-399388.5980073358,-399373.30698535225,-399388.1314004043,184379.17724316346,184393.27361935133,184374.3512893104,"c(-399403.520764003, -399389.655641583, -399375.790526622, -399374.496175668, -399373.201824664, -399389.02464895, -399400.64867407, -399402.084719063, -399403.520764003, 184360.332371467, 184377.84163192, 184395.350901765, 184394.379375669, 184393.407849622, 184373.211119953, 184358.18074847, 184359.256559949, 184360.332371467)"
RPP-I-1000084,Rosemont - La Petite-Patrie,557.2357716584827,74,-398886.1602899027,-398775.34455190744,-398885.18233381945,183757.92694520793,183673.50995387876,183752.03836626315,"c(-398996.499333064, -398995.180691896, -398993.862050793, -398944.25920228, -398847.6271684, -398824.203434731, -398774.949743401, -398775.947849953, -398776.945956549, -398834.094981252, -398872.229893828, -398901.813813874, -398947.981834571, -398980.482016409, -398996.499333064, 183835.79645733, 183837.525704131, 183839.254951043, 183801.526016851, 183729.01059796, 183711.168556501, 183673.205650223, 183671.875894556, 183670.54613895, 183713.68338296, 183742.199082875, 183764.672421741, 183799.290796537, 
183823.7746125, 183835.79645733)"
RPP-L-1000037,Rosemont - La Petite-Patrie,332.657984558957,75,-397275.6988503189,-397260.0534054923,-397326.00177045696,185753.5353442328,185737.41337395713,185788.0803653008,"c(-397341.296353408, -397339.269678365, -397319.040571996, -397280.94363957, -397245.971032615, -397235.190940334, -397236.2599423, -397237.328944316, -397268.428622324, -397328.35857108, -397336.163112782, -397337.069832356, -397337.609591002, -397338.47801176, -397339.164895122, -397340.13781084, -397358.152559262, -397359.618280168, -397361.08400102, -397341.296353408, 185799.096147583, 185801.77514637, 185786.850017612, 185757.519871831, 185730.950774215, 185722.889595965, 185721.393214697, 185719.896833502, 
185743.86918487, 185789.89018361, 185795.78357704, 185795.909044561, 185795.878673825, 185795.434904198, 185794.749382407, 185793.826247122, 185770.794804264, 185771.867148791, 185772.939493375, 185799.096147583)"
RPP-L-1000051,Rosemont - La Petite-Patrie,543.8374152126838,76,-398842.8954065974,-398932.012076591,-398823.0218852913,184370.07671006245,184443.70227445744,184362.4300571076,"c(-398777.556336677, -398759.493790375, -398759.346565861, -398759.347453852, -398759.518780716, -398760.108002603, -398790.31920949, -398819.771394637, -398866.869852606, -398912.345484932, -398941.370245467, -398939.539546682, -398937.708848038, -398922.431359352, -398894.834920224, -398845.752943471, -398796.377243363, -398749.608086874, -398753.266716163, -398754.523725366, -398773.314943382, -398775.435640088, -398777.556336677, 184281.650051962, 184304.925783945, 184305.431784927, 184305.920086796, 
184306.480319183, 184307.200206431, 184330.617850177, 184353.233985981, 184387.538860653, 184421.536883161, 184443.409561642, 184445.765366659, 184448.121171859, 184436.270660446, 184415.938179247, 184379.179069688, 184342.797383637, 184307.253859507, 184302.379552, 184303.322226376, 184278.472512545, 184280.061282195, 184281.650051962)"
RPP-L-1000099,Rosemont - La Petite-Patrie,542.4758891347594,77,-397633.0658742199,-397726.0602086619,-397618.7528309888,185463.0370038646,185539.67015809542,185456.74906630893,"c(-397571.857561833, -397559.964438902, -397551.583911853, -397565.668583593, -397592.974423399, -397616.797544484, -397641.132334955, -397670.608187539, -397705.917396271, -397732.87958022, -397731.717449062, -397730.555317973, -397666.149714751, -397646.124117317, -397619.623512775, -397577.736322311, -397544.96247198, -397547.298318133, -397567.172526222, -397567.214576839, -397567.256627457, -397569.557094719, -397571.857561833, 185374.629537818, 185389.906895346, 185400.67308937, 185411.287013815, 
185431.714311211, 185450.156474999, 185469.423663222, 185491.922237656, 185518.905514332, 185539.934772243, 185541.529912033, 185543.125051895, 185493.623581786, 185477.52254515, 185457.418782939, 185425.199723731, 185400.569368036, 185397.461995417, 185371.023389599, 185371.055750287, 185371.088110973, 185372.85882433, 185374.629537818)"
RPP-T-1000006,Rosemont - La Petite-Patrie,60.41797785165642,78,-396213.234655092,-396204.66605511063,-396211.56405549,185661.01513192814,185669.29147279862,185655.85917507284,"c(-396220.223328658, -396209.081656413, -396208.000689859, -396206.329055529, -396204.657421149, -396205.444493381, -396216.806362796, -396216.83045705, -396216.854551308, -396218.538940006, -396220.223328658, 185647.624680302, 185668.972368361, 185671.047548803, 185670.179421461, 185669.311294177, 185667.504376567, 185645.883342852, 185645.896466933, 185645.909591013, 185646.767135615, 185647.624680302)"
RPP-T-1000024,Rosemont - La Petite-Patrie,233.72174463729604,79,-398161.5501029118,-398207.1042348599,-398212.05595475703,185890.73306144666,185919.79287077446,185925.94545626143,"c(-398207.113509432, -398207.270729022, -398207.307808382, -398207.216186234, -398207.021005842, -398187.11583858, -398161.274200555, -398162.078550587, -398162.88290065, -398210.186372442, -398224.428542681, -398225.491366, -398226.554189282, -398227.002445996, -398227.450702707, -398211.767328089, -398211.241518152, -398195.032344665, -398193.760708936, -398192.489073139, -398207.113509432, 185926.213520611, 185925.641846587, 185925.194721214, 185924.852082945, 185924.522658583, 185909.6249924, 
185890.529181991, 185889.048500663, 185887.567819394, 185922.038891699, 185902.212951016, 185902.990444082, 185903.767937183, 185904.095594289, 185904.4232514, 185926.348962853, 185927.084057474, 185949.744878081, 185948.435202776, 185947.125527543, 185926.213520611)"
RPP-T-1000049,Rosemont - La Petite-Patrie,427.2973628532307,80,-397723.8929206546,-397802.232738851,-397751.55329102615,186199.830984955,186264.86360705574,186232.45521810948,"c(-397714.99152221, -397692.881258676, -397694.134206454, -397695.387154297, -397717.319529199, -397731.567826538, -397735.081238828, -397729.79251572, -397720.798859489, -397764.144343395, -397786.44231147, -397818.885533955, -397815.372841047, -397813.569187193, -397811.765533235, -397797.678616776, -397773.111109414, -397749.573328254, -397732.275891176, -397718.484080233, -397699.550640801, -397696.487194323, -397703.869935986, -397714.99152221, 186204.02426468, 186186.818286116, 186185.012512888, 
186183.206739773, 186200.655327598, 186182.227178965, 186184.820847143, 186192.224738372, 186203.820104871, 186236.293043521, 186253.33275009, 186277.024202447, 186281.517885846, 186280.112491236, 186278.707096692, 186267.868844795, 186248.76114655, 186230.957611501, 186217.472791485, 186206.626831662, 186230.603047699, 186228.046392175, 186218.50031345, 186204.02426468)"
RPP-T-1000062,Rosemont - La Petite-Patrie,381.2390215195056,81,-394846.0024909346,-394783.3208295029,-394815.14129163645,185853.49538350228,185830.23882621,185835.9946351266,"c(-394866.135290102, -394852.638871783, -394840.137533662, -394831.659416406, -394831.400839482, -394831.449599642, -394832.048697853, -394832.401494455, -394832.970143649, -394854.570162913, -394853.41142102, -394852.252679193, -394834.367196009, -394826.150546629, -394804.814034069, -394785.089033857, -394775.159970688, -394774.684103087, -394774.112123263, -394773.36781718, -394772.548937281, -394771.742076894, -394769.629816729, -394767.517556468, -394775.129320406, -394782.798410449, -394810.12452518, 
-394825.050019809, -394827.551522261, -394861.409887596, -394863.772588896, -394866.135290102, 185774.826391014, 185801.431353316, 185826.313782992, 185842.682258617, 185843.267614192, 185844.217997845, 185845.585870185, 185846.100700503, 185846.519375756, 185858.081521731, 185860.597901466, 185863.114281356, 185853.518905871, 185849.036122944, 185837.395505585, 185826.924126933, 185845.537280121, 185846.354540315, 185846.838816953, 185847.087970959, 185847.523206027, 185849.132395168, 185847.960130861, 
185846.787866646, 185832.543607208, 185819.23972791, 185833.408794417, 185841.101987225, 185840.75008695, 185772.364960206, 185773.595675553, 185774.826391014)"
RPP-T-1000075,Rosemont - La Petite-Patrie,512.961410958781,82,-398808.96441387763,-398861.08527307305,-398758.4636092782,183861.9734147372,183907.06438787412,183830.1647856548,"c(-398739.108834719, -398736.262141103, -398724.908845464, -398746.428815106, -398765.557379378, -398791.228762514, -398811.394158553, -398830.253174124, -398870.384141399, -398885.696162186, -398884.61627536, -398883.536388585, -398883.430857227, -398883.325325874, -398857.740144424, -398817.527287681, -398802.347916663, -398783.128486513, -398765.155614478, -398750.111712471, -398732.485675636, -398722.621004175, -398708.433728225, -398706.37138157, -398704.309034785, -398718.603938517, -398719.722722603, 
-398726.928235347, -398735.469572928, -398735.64331243, -398735.817051923, -398737.462943356, -398739.108834719, 183780.844976183, 183784.566299378, 183799.783661115, 183815.275700621, 183829.848572951, 183849.248079199, 183863.716757321, 183878.113572112, 183908.57925612, 183920.565294986, 183921.988520997, 183923.411747067, 183923.552134474, 183923.692521879, 183904.563348513, 183874.576294621, 183863.254832913, 183849.095956376, 183835.239233157, 183823.83166716, 183810.442582197, 183803.161371869, 
183821.111071189, 183819.482850673, 183817.854630255, 183799.906461194, 183798.426674826, 183788.896135202, 183777.988528019, 183778.117287686, 183778.246047378, 183779.545511757, 183780.844976183)"
RPP-T-1000082,Rosemont - La Petite-Patrie,77.8246351485872,83,-398656.62417808967,-398644.48359623255,-398655.7234784742,185313.53188511386,185323.27036294772,185307.72517861798,"c(-398668.094176481, -398647.559816461, -398646.060012115, -398644.264611179, -398644.260921583, -398645.525799235, -398665.10024003, -398666.597208288, -398668.094176481, 185297.816247944, 185325.951435115, 185324.644284263, 185323.079507073, 185323.076291414, 185321.222292262, 185295.314588585, 185296.565418229, 185297.816247944)"
RPP-T-1000091,Rosemont - La Petite-Patrie,444.5827604820809,84,-395723.90550089953,-395728.9123238707,-395825.33348968846,186418.0099361629,186415.80948157527,186464.36447537522,"c(-395821.362627294, -395806.700487933, -395782.802477034, -395764.88612283, -395745.064625199, -395726.675863387, -395706.418047244, -395691.197661707, -395678.160487556, -395679.45255743, -395680.744627381, -395746.309150319, -395761.495450751, -395777.57630096, -395793.692605549, -395805.700520219, -395817.533855233, -395823.778840341, -395836.115101659, -395837.974924062, -395839.834746396, -395830.601739757, -395826.439982378, -395819.147583233, -395813.482392389, -395811.468417567, -395809.454442678, 
-395821.362627294, 186471.423725057, 186463.294241575, 186450.730771022, 186440.346596688, 186429.419982235, 186419.537840878, 186408.3652911, 186400.082670044, 186393.318632237, 186391.538868056, 186389.759103975, 186425.21815027, 186433.719760746, 186442.459817631, 186451.245569527, 186457.439891017, 186464.007241911, 186467.209686778, 186444.632716976, 186445.649518258, 186446.666319617, 186463.987211675, 186471.463955279, 186484.565014087, 186495.173394997, 186494.080135282, 186492.986875673, 
186471.423725057)"
RPP-T-1000117,Rosemont - La Petite-Patrie,481.03707254338815,85,-396334.7737919666,-396323.82477091247,-396430.8474386282,185737.58457388968,185727.99951736163,185782.84012493046,"c(-396440.109162466, -396440.215460686, -396439.947330149, -396435.794476719, -396422.912666539, -396406.599797377, -396390.945870698, -396370.662205477, -396346.810009148, -396326.392406241, -396303.089595827, -396276.623442219, -396277.623556909, -396278.623671656, -396302.953395063, -396331.281335797, -396347.783785506, -396369.177810317, -396394.627390615, -396411.375908169, -396426.992356355, -396440.62036098, -396443.405695005, -396453.444463191, -396455.147944457, -396456.851425669, -396456.953417343, 
-396457.055409017, -396446.35069222, -396444.885473199, -396432.861755446, -396431.145614745, -396429.429473998, -396440.109162466, 185793.416117575, 185792.180303685, 185791.319596008, 185789.222123781, 185782.532913177, 185774.080763398, 185766.369897148, 185756.440013602, 185743.631341973, 185733.373924071, 185721.352122694, 185708.418527694, 185706.513165286, 185704.607802965, 185717.472782944, 185731.760327323, 185739.956535102, 185750.972613699, 185764.284925504, 185773.027051384, 185780.85276962, 
185787.878219519, 185786.893960235, 185766.242284093, 185767.105733768, 185767.969183498, 185768.020892086, 185768.07260067, 185788.923001857, 185791.763645378, 185815.0742347, 185814.189811418, 185813.305388217, 185793.416117575)"
RPP-T-1000118,Rosemont - La Petite-Patrie,233.39010337208612,86,-394805.3194562551,-394796.71249990934,-394759.04747914744,185915.43318269745,185915.52135594067,185920.37854684703,"c(-394788.892082567, -394776.774051159, -394791.420091556, -394825.655993021, -394824.864415208, -394824.07283743, -394824.012332614, -394823.951827799, -394774.593164075, -394762.578373588, -394760.17257526, -394757.766776816, -394770.146249314, -394770.590909843, -394783.701179712, -394786.296631208, -394788.892082567, 185876.916538779, 185899.553616343, 185908.059743403, 185926.221461338, 185928.082976156, 185929.94449107, 185930.09226948, 185930.240047901, 185903.569236864, 185925.452227794, 
185924.135717022, 185922.819206363, 185899.227403162, 185898.380005427, 185874.09627439, 185875.50640651, 185876.916538779)"
